{"average_train_loss": 0.3980763020531339, "average_valid_loss": 0.41389945547063184, "_timestamp": 1693589871.2860422, "_runtime": 1.924072265625, "_step": 1, "accuracy": 0.836, "precision": 0.5, "recall": 0.04878048780487805, "f1_score": 0.08888888888888888, "_wandb": {"runtime": 0}}