{"average_train_loss": 0.39944315436776434, "average_valid_loss": 0.4181796474422084, "_timestamp": 1693589553.995084, "_runtime": 1.5024430751800537, "_step": 1, "accuracy": 0.835, "precision": 0.4444444444444444, "recall": 0.024390243902439025, "f1_score": 0.046242774566473986, "_wandb": {"runtime": 0}}