{"average_train_loss": 0.39360256650259984, "average_valid_loss": 0.4133034256044201, "_timestamp": 1693597959.0233421, "_runtime": 2.533621072769165, "_step": 1, "accuracy": 0.836, "precision": 0.5, "recall": 0.04878048780487805, "f1_score": 0.08888888888888888, "_wandb": {"runtime": 1}}