{"average_train_loss": 0.3964590117999122, "average_valid_loss": 0.4141172191650012, "_timestamp": 1693512052.4289641, "_runtime": 3.8463292121887207, "_step": 0, "_wandb": {"runtime": 2}}