{"average_train_loss": 0.4012053766007526, "average_valid_loss": 0.4149790725388588, "_timestamp": 1693596972.534581, "_runtime": 1.4316699504852295, "_step": 1, "accuracy": 0.838, "precision": 0.625, "recall": 0.03048780487804878, "f1_score": 0.05813953488372093, "_wandb": {"runtime": 0}}