{"average_train_loss": 0.3993300390331384, "average_valid_loss": 0.4149639906453779, "_timestamp": 1693592229.0046139, "_runtime": 1.6556329727172852, "_step": 1, "accuracy": 0.834, "precision": 0.4375, "recall": 0.042682926829268296, "f1_score": 0.07777777777777779, "_wandb": {"runtime": 0}}