{"average_train_loss": 0.40221606900642726, "average_valid_loss": 0.4151685681941043, "_timestamp": 1693589702.241195, "_runtime": 2.646580934524536, "_step": 1, "accuracy": 0.835, "precision": 0.0, "recall": 0.0, "f1_score": 0.0, "_wandb": {"runtime": 0}}