{"average_train_loss": 0.39630482387958066, "average_valid_loss": 0.414793051916518, "_timestamp": 1693597937.2713869, "_runtime": 3.3671178817749023, "_step": 1, "accuracy": 0.833, "precision": 0.4117647058823529, "recall": 0.042682926829268296, "f1_score": 0.07734806629834254, "_wandb": {"runtime": 0}}