{"average_train_loss": 0.40019227319611, "average_valid_loss": 0.4134180131312457, "_timestamp": 1693590487.836598, "_runtime": 1.419173002243042, "_step": 1, "accuracy": 0.836, "precision": 0.0, "recall": 0.0, "f1_score": 0.0, "_wandb": {"runtime": 0}}