{"average_train_loss": 0.39204909620048833, "average_valid_loss": 0.414993538233678, "_timestamp": 1693512288.924715, "_runtime": 3.685009002685547, "_step": 0, "_wandb": {"runtime": 2}}