{"average_train_loss": 0.39814532975561595, "average_valid_loss": 0.41453850977715206, "_timestamp": 1693592603.2845461, "_runtime": 1.8052282333374023, "_step": 1, "accuracy": 0.832, "precision": 0.42857142857142855, "recall": 0.07317073170731707, "f1_score": 0.125, "_wandb": {"runtime": 0}}