{"average_train_loss": 0.40207280701755105, "average_valid_loss": 0.41519757961236187, "_timestamp": 1693594939.451919, "_runtime": 3.0692501068115234, "_step": 1, "accuracy": 0.835, "precision": 0.4444444444444444, "recall": 0.024390243902439025, "f1_score": 0.046242774566473986, "_wandb": {"runtime": 0}}