{"average_train_loss": 0.3975897815610438, "average_valid_loss": 0.4137306328266712, "_timestamp": 1693590532.214443, "_runtime": 1.9308998584747314, "_step": 1, "accuracy": 0.834, "precision": 0.4375, "recall": 0.042682926829268296, "f1_score": 0.07777777777777779, "_wandb": {"runtime": 1}}