{"average_train_loss": 0.39350858664158367, "average_valid_loss": 0.41499487138397645, "_timestamp": 1693597469.283392, "_runtime": 2.3063669204711914, "_step": 1, "accuracy": 0.838, "precision": 0.5625, "recall": 0.054878048780487805, "f1_score": 0.09999999999999999, "_wandb": {"runtime": 1}}