{"average_train_loss": 0.4000581654046598, "average_valid_loss": 0.4148986525377628, "_timestamp": 1693597457.2512488, "_runtime": 1.964343786239624, "_step": 1, "accuracy": 0.834, "precision": 0.3333333333333333, "recall": 0.012195121951219513, "f1_score": 0.023529411764705882, "_wandb": {"runtime": 0}}