{"average_train_loss": 0.40252870886841097, "average_valid_loss": 0.4147606767560836, "_timestamp": 1693593292.2922728, "_runtime": 2.2313268184661865, "_step": 1, "accuracy": 0.836, "precision": 0.5, "recall": 0.006097560975609756, "f1_score": 0.012048192771084338, "_wandb": {"runtime": 1}}