{"average_train_loss": 0.3986128802728883, "average_valid_loss": 0.4144891410583416, "_timestamp": 1693591733.329678, "_runtime": 1.8091449737548828, "_step": 1, "accuracy": 0.836, "precision": 0.5, "recall": 0.036585365853658534, "f1_score": 0.06818181818181818, "_wandb": {"runtime": 0}}