{"average_train_loss": 0.3990061446396361, "average_valid_loss": 0.41453124044836054, "_timestamp": 1693512373.581328, "_runtime": 10.374071836471558, "_step": 0}