{"average_train_loss": 0.40417538528138475, "average_valid_loss": 0.4131114293280641, "_timestamp": 1693589330.479348, "_runtime": 1.4203689098358154, "_step": 1, "accuracy": 0.836, "precision": 0.5, "recall": 0.042682926829268296, "f1_score": 0.07865168539325842, "_wandb": {"runtime": 0}}