{"average_train_loss": 0.39793481191646035, "average_valid_loss": 0.4138592215418721, "_timestamp": 1693594205.1810791, "_runtime": 2.0217831134796143, "_step": 1, "accuracy": 0.838, "precision": 0.6666666666666666, "recall": 0.024390243902439025, "f1_score": 0.047058823529411764, "_wandb": {"runtime": 0}}