{"average_train_loss": 0.3953889163242068, "average_valid_loss": 0.41508007158525245, "_timestamp": 1693589882.79726, "_runtime": 2.702747106552124, "_step": 1, "accuracy": 0.835, "precision": 0.46153846153846156, "recall": 0.036585365853658534, "f1_score": 0.06779661016949153, "_wandb": {"runtime": 1}}