{"average_train_loss": 0.3998876633388455, "average_valid_loss": 0.4151923281549582, "_timestamp": 1693589842.579504, "_runtime": 4.998610973358154, "_step": 1, "accuracy": 0.836, "precision": 0.5, "recall": 0.036585365853658534, "f1_score": 0.06818181818181818, "_wandb": {"runtime": 1}}