{"average_train_loss": 0.39631684185524707, "average_valid_loss": 0.4129683797364993, "_timestamp": 1693593953.740989, "_runtime": 2.5988810062408447, "_step": 1, "accuracy": 0.834, "precision": 0.4444444444444444, "recall": 0.04878048780487805, "f1_score": 0.08791208791208792, "_wandb": {"runtime": 0}}