{"average_train_loss": 0.40317701926709926, "average_valid_loss": 0.4157696606918399, "_timestamp": 1693564839.007327, "_runtime": 1.2901241779327393, "_step": 1, "accuracy": 0.837, "precision": 0.6, "recall": 0.018292682926829267, "f1_score": 0.03550295857988166, "_wandb": {"runtime": 0}}