{"average_train_loss": 0.40034577826059536, "average_valid_loss": 0.41548220750578096, "_timestamp": 1693589496.9444292, "_runtime": 1.8861541748046875, "_step": 1, "accuracy": 0.835, "precision": 0.45454545454545453, "recall": 0.03048780487804878, "f1_score": 0.05714285714285714, "_wandb": {"runtime": 0}}