{"average_train_loss": 0.4100938101914313, "average_valid_loss": 0.41741427231311606, "_timestamp": 1693514061.884386, "_runtime": 2.5781540870666504, "_step": 0, "_wandb": {"runtime": 0}}