{"average_train_loss": 0.40684702947642143, "average_valid_loss": 0.41719745943734804, "_timestamp": 1693595308.447859, "_runtime": 1.3129701614379883, "_step": 1, "accuracy": 0.836, "precision": 0.0, "recall": 0.0, "f1_score": 0.0, "_wandb": {"runtime": 0}}