{"average_train_loss": 0.3957260883778042, "average_valid_loss": 0.41590224690172783, "_timestamp": 1693514183.265547, "_runtime": 2.3599560260772705, "_step": 0, "_wandb": {"runtime": 0}}