{"average_train_loss": 0.3899341080865305, "average_valid_loss": 0.41240604007217035, "_timestamp": 1693597516.001911, "_runtime": 5.019953966140747, "_step": 1, "accuracy": 0.832, "precision": 0.3333333333333333, "recall": 0.024390243902439025, "f1_score": 0.04545454545454545, "_wandb": {"runtime": 3}}