{"average_train_loss": 0.40023123920436116, "average_valid_loss": 0.4158463527547609, "_timestamp": 1693595521.663166, "_runtime": 1.9185431003570557, "_step": 1, "accuracy": 0.834, "precision": 0.375, "recall": 0.018292682926829267, "f1_score": 0.03488372093023255, "_wandb": {"runtime": 0}}