{"average_train_loss": 0.3873561301619616, "average_valid_loss": 0.4146250637893314, "_timestamp": 1693592999.267075, "_runtime": 2.508829116821289, "_step": 1, "accuracy": 0.834, "precision": 0.42857142857142855, "recall": 0.036585365853658534, "f1_score": 0.06741573033707865, "_wandb": {"runtime": 1}}