{"average_train_loss": 0.39561247810101463, "average_valid_loss": 0.41488630792942355, "_timestamp": 1693596009.37686, "_runtime": 2.7807629108428955, "_step": 1, "accuracy": 0.832, "precision": 0.3888888888888889, "recall": 0.042682926829268296, "f1_score": 0.07692307692307693, "_wandb": {"runtime": 1}}