{"average_train_loss": 0.3926908744677786, "average_valid_loss": 0.4149025672377832, "_timestamp": 1693564944.463426, "_runtime": 1.9341461658477783, "_step": 1, "accuracy": 0.832, "precision": 0.4090909090909091, "recall": 0.054878048780487805, "f1_score": 0.09677419354838711, "_wandb": {"runtime": 0}}