{"accuracy": 0.826, "_timestamp": 1693506621.936505, "_runtime": 8.239550113677979, "_step": 0, "_wandb": {"runtime": 3}}