{"average_train_loss": 0.40175314871517415, "average_valid_loss": 0.4169244063058221, "_timestamp": 1693591888.231225, "_runtime": 1.4576311111450195, "_step": 1, "accuracy": 0.836, "precision": 0.5, "recall": 0.042682926829268296, "f1_score": 0.07865168539325842, "_wandb": {"runtime": 0}}