{"average_train_loss": 0.40037735230589533, "average_valid_loss": 0.4157748076185661, "_timestamp": 1693594553.870857, "_runtime": 3.7173678874969482, "_step": 1, "accuracy": 0.835, "precision": 0.45454545454545453, "recall": 0.03048780487804878, "f1_score": 0.05714285714285714, "_wandb": {"runtime": 2}}