{"average_train_loss": 0.3997394201945718, "average_valid_loss": 0.41555060097512103, "_timestamp": 1693592173.537643, "_runtime": 1.5048630237579346, "_step": 1, "accuracy": 0.837, "precision": 0.5384615384615384, "recall": 0.042682926829268296, "f1_score": 0.0790960451977401, "_wandb": {"runtime": 0}}