{"average_train_loss": 0.3941243869030652, "average_valid_loss": 0.4141611411436065, "_timestamp": 1693596057.527771, "_runtime": 5.832386016845703, "_step": 1, "accuracy": 0.834, "precision": 0.4166666666666667, "recall": 0.03048780487804878, "f1_score": 0.056818181818181816, "_wandb": {"runtime": 4}}