{"average_train_loss": 0.4028229196732658, "average_valid_loss": 0.4156486864202137, "_timestamp": 1693596609.124179, "_runtime": 2.672801971435547, "_step": 1, "accuracy": 0.836, "precision": 0.5, "recall": 0.012195121951219513, "f1_score": 0.023809523809523808, "_wandb": {"runtime": 0}}