{"average_train_loss": 0.4063078257225126, "average_valid_loss": 0.4153432854801862, "_timestamp": 1693512247.977647, "_runtime": 2.483924150466919, "_step": 0, "_wandb": {"runtime": 0}}