{"average_train_loss": 0.4042447805800677, "average_valid_loss": 0.41652007843041783, "_timestamp": 1693588885.645499, "_runtime": 2.1239469051361084, "_step": 1, "accuracy": 0.836, "precision": 0.0, "recall": 0.0, "f1_score": 0.0, "_wandb": {"runtime": 0}}