{"average_train_loss": 0.39890768045759184, "average_valid_loss": 0.413885492149737, "_timestamp": 1693593963.870255, "_runtime": 1.9490599632263184, "_step": 1, "accuracy": 0.837, "precision": 0.5454545454545454, "recall": 0.036585365853658534, "f1_score": 0.06857142857142856, "_wandb": {"runtime": 0}}