{"average_train_loss": 0.4031740372686096, "average_valid_loss": 0.4176032028721744, "_timestamp": 1693588394.028634, "_runtime": 1.452759027481079, "_step": 1, "accuracy": 0.835, "precision": 0.45454545454545453, "recall": 0.03048780487804878, "f1_score": 0.05714285714285714, "_wandb": {"runtime": 0}}