{"accuracy": 0.825, "_timestamp": 1693506680.0305989, "_runtime": 4.020653963088989, "_step": 0, "_wandb": {"runtime": 1}}