{"average_train_loss": 0.3952871450750713, "average_valid_loss": 0.41244059840410974, "_timestamp": 1693596150.123241, "_runtime": 4.661996841430664, "_step": 1, "accuracy": 0.834, "precision": 0.4375, "recall": 0.042682926829268296, "f1_score": 0.07777777777777779, "_wandb": {"runtime": 0}}