{"average_train_loss": 0.3967852472886348, "average_valid_loss": 0.4131729374462048, "_timestamp": 1693588847.892451, "_runtime": 2.231948137283325, "_step": 1, "accuracy": 0.837, "precision": 0.6, "recall": 0.018292682926829267, "f1_score": 0.03550295857988166, "_wandb": {"runtime": 1}}