{"average_train_loss": 0.39555625546402734, "average_valid_loss": 0.41441406953199983, "_timestamp": 1693594019.883553, "_runtime": 2.273306131362915, "_step": 1, "accuracy": 0.831, "precision": 0.35294117647058826, "recall": 0.036585365853658534, "f1_score": 0.06629834254143646, "_wandb": {"runtime": 0}}