{"average_train_loss": 0.40089635362393095, "average_valid_loss": 0.41729025040899276, "_timestamp": 1693592247.94783, "_runtime": 1.9269249439239502, "_step": 1, "accuracy": 0.835, "precision": 0.4444444444444444, "recall": 0.024390243902439025, "f1_score": 0.046242774566473986, "_wandb": {"runtime": 0}}