{"average_train_loss": 0.39527087737039146, "average_valid_loss": 0.4131977314750472, "_timestamp": 1693590176.926995, "_runtime": 2.7771971225738525, "_step": 1, "accuracy": 0.837, "precision": 0.5454545454545454, "recall": 0.036585365853658534, "f1_score": 0.06857142857142856, "_wandb": {"runtime": 1}}