{"average_train_loss": 0.39180004721756145, "average_valid_loss": 0.41292700765169943, "_timestamp": 1693591855.853343, "_runtime": 2.5482709407806396, "_step": 1, "accuracy": 0.835, "precision": 0.4444444444444444, "recall": 0.024390243902439025, "f1_score": 0.046242774566473986, "_wandb": {"runtime": 1}}