{"average_train_loss": 0.3972313371443226, "average_valid_loss": 0.41423383571070976, "_timestamp": 1693591489.737709, "_runtime": 3.55203914642334, "_step": 1, "accuracy": 0.836, "precision": 0.5, "recall": 0.04878048780487805, "f1_score": 0.08888888888888888, "_wandb": {"runtime": 0}}