{"average_train_loss": 0.3955343994795049, "average_valid_loss": 0.41397047326980796, "_timestamp": 1693646894.648952, "_runtime": 3.481374979019165, "_step": 1, "accuracy": 0.839, "precision": 0.6153846153846154, "recall": 0.04878048780487805, "f1_score": 0.0903954802259887, "_wandb": {"runtime": 2}}