{"average_train_loss": 0.3973291512669991, "average_valid_loss": 0.4160550535565152, "_timestamp": 1693590059.055151, "_runtime": 1.6126148700714111, "_step": 1, "accuracy": 0.833, "precision": 0.38461538461538464, "recall": 0.03048780487804878, "f1_score": 0.056497175141242945, "_wandb": {"runtime": 0}}