{"average_train_loss": 0.3968115240510363, "average_valid_loss": 0.4132159687758658, "_timestamp": 1693593827.6529732, "_runtime": 1.8739242553710938, "_step": 1, "accuracy": 0.836, "precision": 0.5, "recall": 0.042682926829268296, "f1_score": 0.07865168539325842, "_wandb": {"runtime": 0}}