{"average_train_loss": 0.471630156063083, "average_valid_loss": 0.47001125366248037, "_timestamp": 1693595016.9309719, "_runtime": 2.9712839126586914, "_step": 1, "accuracy": 0.836, "precision": 0.0, "recall": 0.0, "f1_score": 0.0, "_wandb": {"runtime": 1}}