{"average_train_loss": 0.40626817815589666, "average_valid_loss": 0.4163172020418431, "_timestamp": 1693597297.3680818, "_runtime": 1.52113676071167, "_step": 1, "accuracy": 0.835, "precision": 0.3333333333333333, "recall": 0.006097560975609756, "f1_score": 0.011976047904191616, "_wandb": {"runtime": 0}}