{"average_train_loss": 0.3978573575023595, "average_valid_loss": 0.41418104373795983, "_timestamp": 1693597690.670609, "_runtime": 1.6299750804901123, "_step": 1, "accuracy": 0.834, "precision": 0.4, "recall": 0.024390243902439025, "f1_score": 0.04597701149425288, "_wandb": {"runtime": 0}}