{"average_train_loss": 0.40003291530472185, "average_valid_loss": 0.41473179154936424, "_timestamp": 1693588231.359442, "_runtime": 1.4039709568023682, "_step": 1, "accuracy": 0.835, "precision": 0.4, "recall": 0.012195121951219513, "f1_score": 0.02366863905325444, "_wandb": {"runtime": 0}}