{"average_train_loss": 0.40529203554007504, "average_valid_loss": 0.4149153842280543, "_timestamp": 1693588316.494039, "_runtime": 1.3270680904388428, "_step": 1, "accuracy": 0.836, "precision": 0.0, "recall": 0.0, "f1_score": 0.0, "_wandb": {"runtime": 0}}