{"average_train_loss": 0.39147536785030546, "average_valid_loss": 0.4137615947834298, "_timestamp": 1693597743.326337, "_runtime": 2.675262212753296, "_step": 1, "accuracy": 0.835, "precision": 0.4666666666666667, "recall": 0.042682926829268296, "f1_score": 0.0782122905027933, "_wandb": {"runtime": 1}}