{"average_train_loss": 0.40460739117598304, "average_valid_loss": 0.4166907149601427, "_timestamp": 1693565662.3673549, "_runtime": 1.3871619701385498, "_step": 1, "accuracy": 0.837, "precision": 0.6666666666666666, "recall": 0.012195121951219513, "f1_score": 0.02395209580838323, "_wandb": {"runtime": 0}}