{"average_train_loss": 0.40102572089668514, "average_valid_loss": 0.4164846427808349, "_timestamp": 1693590389.374312, "_runtime": 1.6110968589782715, "_step": 1, "accuracy": 0.837, "precision": 0.5333333333333333, "recall": 0.04878048780487805, "f1_score": 0.08938547486033518, "_wandb": {"runtime": 0}}