{"average_train_loss": 0.3955737784499071, "average_valid_loss": 0.41315840707285795, "_timestamp": 1693597719.3484118, "_runtime": 1.782425880432129, "_step": 1, "accuracy": 0.836, "precision": 0.5, "recall": 0.024390243902439025, "f1_score": 0.046511627906976744, "_wandb": {"runtime": 0}}