{"average_train_loss": 0.39191422867565473, "average_valid_loss": 0.41140082673811473, "_timestamp": 1693597580.015913, "_runtime": 3.0800039768218994, "_step": 1, "accuracy": 0.835, "precision": 0.45454545454545453, "recall": 0.03048780487804878, "f1_score": 0.05714285714285714, "_wandb": {"runtime": 0}}