{"average_train_loss": 0.4313319259010734, "average_valid_loss": 0.43005164580561916, "_timestamp": 1693593238.416379, "_runtime": 3.482332944869995, "_step": 1, "accuracy": 0.836, "precision": 0.0, "recall": 0.0, "f1_score": 0.0, "_wandb": {"runtime": 1}}