{"average_train_loss": 0.38838192131572724, "average_valid_loss": 0.41502064899848223, "_timestamp": 1693588433.948506, "_runtime": 2.696378231048584, "_step": 1, "accuracy": 0.832, "precision": 0.3888888888888889, "recall": 0.042682926829268296, "f1_score": 0.07692307692307693, "_wandb": {"runtime": 1}}