{"average_train_loss": 0.3955706862423557, "average_valid_loss": 0.41347934026795, "_timestamp": 1693589308.697093, "_runtime": 1.4414269924163818, "_step": 1, "accuracy": 0.836, "precision": 0.0, "recall": 0.0, "f1_score": 0.0, "_wandb": {"runtime": 0}}