{"average_train_loss": 0.4031262037773227, "average_valid_loss": 0.41642070663315317, "_timestamp": 1693595668.190243, "_runtime": 2.417505979537964, "_step": 1, "accuracy": 0.835, "precision": 0.4444444444444444, "recall": 0.024390243902439025, "f1_score": 0.046242774566473986, "_wandb": {"runtime": 0}}