{"average_train_loss": 0.3947010271430764, "average_valid_loss": 0.41402490231569006, "_timestamp": 1693589532.617194, "_runtime": 2.3043088912963867, "_step": 1, "accuracy": 0.836, "precision": 0.5, "recall": 0.036585365853658534, "f1_score": 0.06818181818181818, "_wandb": {"runtime": 1}}