{"average_train_loss": 0.411126198637408, "average_valid_loss": 0.4175089523120682, "_timestamp": 1693590312.8419771, "_runtime": 2.392210006713867, "_step": 1, "accuracy": 0.836, "precision": 0.0, "recall": 0.0, "f1_score": 0.0, "_wandb": {"runtime": 1}}