{"average_train_loss": 0.39431879280085175, "average_valid_loss": 0.4138312538275424, "_timestamp": 1693512023.3870988, "_runtime": 4.507462739944458, "_step": 0, "_wandb": {"runtime": 3}}