{"average_train_loss": 0.39975208473963025, "average_valid_loss": 0.41828435893012, "_timestamp": 1693511886.073167, "_runtime": 2.7804791927337646, "_step": 0, "_wandb": {"runtime": 1}}