{"average_train_loss": 0.40039534625047896, "average_valid_loss": 0.41581629533672365, "_timestamp": 1693593368.944611, "_runtime": 1.8832721710205078, "_step": 1, "accuracy": 0.836, "precision": 0.5, "recall": 0.024390243902439025, "f1_score": 0.046511627906976744, "_wandb": {"runtime": 1}}