{"average_train_loss": 0.4021199614492042, "average_valid_loss": 0.41526618412191857, "_timestamp": 1693565734.755789, "_runtime": 1.5804591178894043, "_step": 1, "accuracy": 0.835, "precision": 0.46153846153846156, "recall": 0.036585365853658534, "f1_score": 0.06779661016949153, "_wandb": {"runtime": 0}}