{"average_train_loss": 0.40418020587393666, "average_valid_loss": 0.41546714981214394, "_timestamp": 1693595499.275807, "_runtime": 2.299787998199463, "_step": 1, "accuracy": 0.835, "precision": 0.3333333333333333, "recall": 0.006097560975609756, "f1_score": 0.011976047904191616, "_wandb": {"runtime": 1}}