{"average_train_loss": 0.4082540975363827, "average_valid_loss": 0.4185961243360358, "_timestamp": 1693512237.847009, "_runtime": 3.048711061477661, "_step": 0, "_wandb": {"runtime": 1}}