{"average_train_loss": 0.4043160604423889, "average_valid_loss": 0.414671788037859, "_timestamp": 1693594768.747324, "_runtime": 1.7156140804290771, "_step": 1, "accuracy": 0.835, "precision": 0.46153846153846156, "recall": 0.036585365853658534, "f1_score": 0.06779661016949153, "_wandb": {"runtime": 0}}