{"average_train_loss": 0.3933638403303582, "average_valid_loss": 0.41416314373509955, "_timestamp": 1693646883.1719098, "_runtime": 3.603463888168335, "_step": 1, "accuracy": 0.831, "precision": 0.38095238095238093, "recall": 0.04878048780487805, "f1_score": 0.08648648648648649, "_wandb": {"runtime": 2}}