{"average_train_loss": 0.4049054177100223, "average_valid_loss": 0.4176156861275407, "_timestamp": 1693564965.971512, "_runtime": 1.7144670486450195, "_step": 1, "accuracy": 0.832, "precision": 0.3333333333333333, "recall": 0.024390243902439025, "f1_score": 0.04545454545454545, "_wandb": {"runtime": 0}}