{"average_train_loss": 0.39738860619920274, "average_valid_loss": 0.4147343226326109, "_timestamp": 1693595689.440094, "_runtime": 1.9260129928588867, "_step": 1, "accuracy": 0.836, "precision": 0.5, "recall": 0.012195121951219513, "f1_score": 0.023809523809523808, "_wandb": {"runtime": 0}}