{"average_train_loss": 0.3922971472822881, "average_valid_loss": 0.41580111005401954, "_timestamp": 1693597017.2496388, "_runtime": 2.2983198165893555, "_step": 1, "accuracy": 0.834, "precision": 0.4444444444444444, "recall": 0.04878048780487805, "f1_score": 0.08791208791208792, "_wandb": {"runtime": 1}}