{"average_train_loss": 0.4003391981227796, "average_valid_loss": 0.41402421025927355, "_timestamp": 1693565012.233933, "_runtime": 1.5947010517120361, "_step": 1, "accuracy": 0.837, "precision": 0.6666666666666666, "recall": 0.012195121951219513, "f1_score": 0.02395209580838323, "_wandb": {"runtime": 0}}