{"average_train_loss": 0.40317441788943387, "average_valid_loss": 0.41597975154864414, "_timestamp": 1693593225.187775, "_runtime": 1.5896987915039062, "_step": 1, "accuracy": 0.837, "precision": 0.6, "recall": 0.018292682926829267, "f1_score": 0.03550295857988166, "_wandb": {"runtime": 0}}