{"average_train_loss": 0.39950963033377485, "average_valid_loss": 0.41389050851876524, "_timestamp": 1693598206.2493691, "_runtime": 2.2549901008605957, "_step": 1, "accuracy": 0.833, "precision": 0.2857142857142857, "recall": 0.012195121951219513, "f1_score": 0.023391812865497075, "_wandb": {"runtime": 0}}