{"average_train_loss": 0.4040033021004375, "average_valid_loss": 0.4157420677354854, "_timestamp": 1693588405.345047, "_runtime": 1.5241789817810059, "_step": 1, "accuracy": 0.834, "precision": 0.25, "recall": 0.006097560975609756, "f1_score": 0.011904761904761904, "_wandb": {"runtime": 0}}