{"average_train_loss": 0.4013168180069463, "average_valid_loss": 0.41435205139429365, "_timestamp": 1693514274.08697, "_runtime": 1.7890901565551758, "_step": 0, "_wandb": {"runtime": 0}}