{"average_train_loss": 0.3950023943323332, "average_valid_loss": 0.41411226716942356, "_timestamp": 1693564672.6004748, "_runtime": 3.171694755554199, "_step": 1, "accuracy": 0.834, "precision": 0.4166666666666667, "recall": 0.03048780487804878, "f1_score": 0.056818181818181816, "_wandb": {"runtime": 1}}