{"average_train_loss": 0.39497202781494023, "average_valid_loss": 0.41282229975536133, "_timestamp": 1693590455.479558, "_runtime": 1.649601936340332, "_step": 1, "accuracy": 0.835, "precision": 0.46153846153846156, "recall": 0.036585365853658534, "f1_score": 0.06779661016949153, "_wandb": {"runtime": 0}}