{"accuracy": 0.825, "_timestamp": 1693506651.1868641, "_runtime": 5.279372215270996, "_step": 0, "_wandb": {"runtime": 3}}