{"average_train_loss": 0.4060075646797593, "average_valid_loss": 0.41600871307615234, "_timestamp": 1693589915.705716, "_runtime": 2.0826079845428467, "_step": 1, "accuracy": 0.836, "precision": 0.0, "recall": 0.0, "f1_score": 0.0, "_wandb": {"runtime": 0}}