{"average_train_loss": 0.3941790116888611, "average_valid_loss": 0.4130995777972163, "_timestamp": 1693594653.070894, "_runtime": 2.5887091159820557, "_step": 1, "accuracy": 0.833, "precision": 0.4117647058823529, "recall": 0.042682926829268296, "f1_score": 0.07734806629834254, "_wandb": {"runtime": 0}}