{"average_train_loss": 0.3912026725149519, "average_valid_loss": 0.41524544946012615, "_timestamp": 1693598121.2580411, "_runtime": 2.0377562046051025, "_step": 1, "accuracy": 0.834, "precision": 0.42857142857142855, "recall": 0.036585365853658534, "f1_score": 0.06741573033707865, "_wandb": {"runtime": 1}}