{"accuracy": 0.825, "_timestamp": 1693506550.8169081, "_runtime": 3.5201802253723145, "_step": 0, "_wandb": {"runtime": 1}}