{"average_train_loss": 0.39924222830258, "average_valid_loss": 0.41511421729113857, "_timestamp": 1693594365.770508, "_runtime": 1.5844550132751465, "_step": 1, "accuracy": 0.836, "precision": 0.0, "recall": 0.0, "f1_score": 0.0, "_wandb": {"runtime": 0}}