{"average_train_loss": 0.39448802830246027, "average_valid_loss": 0.413838464629078, "_timestamp": 1693595886.8245811, "_runtime": 2.0186030864715576, "_step": 1, "accuracy": 0.836, "precision": 0.5, "recall": 0.024390243902439025, "f1_score": 0.046511627906976744, "_wandb": {"runtime": 1}}