{"average_train_loss": 0.40010201828211656, "average_valid_loss": 0.4150177642251154, "_timestamp": 1693588709.077429, "_runtime": 1.43290114402771, "_step": 1, "accuracy": 0.838, "precision": 0.625, "recall": 0.03048780487804878, "f1_score": 0.05813953488372093, "_wandb": {"runtime": 0}}