{"average_train_loss": 0.40539034163135323, "average_valid_loss": 0.41605003777078964, "_timestamp": 1693598103.428101, "_runtime": 1.596130132675171, "_step": 1, "accuracy": 0.835, "precision": 0.0, "recall": 0.0, "f1_score": 0.0, "_wandb": {"runtime": 0}}