{"average_train_loss": 0.3958066216818148, "average_valid_loss": 0.4140162896649789, "_timestamp": 1693597352.3099678, "_runtime": 1.7274508476257324, "_step": 1, "accuracy": 0.832, "precision": 0.3888888888888889, "recall": 0.042682926829268296, "f1_score": 0.07692307692307693, "_wandb": {"runtime": 0}}