{"average_train_loss": 0.40146133430623204, "average_valid_loss": 0.4152193893060738, "_timestamp": 1693565713.11986, "_runtime": 1.774055004119873, "_step": 1, "accuracy": 0.835, "precision": 0.42857142857142855, "recall": 0.018292682926829267, "f1_score": 0.03508771929824561, "_wandb": {"runtime": 0}}