{"average_train_loss": 0.3953783793363957, "average_valid_loss": 0.41413505720946353, "_timestamp": 1693592336.926174, "_runtime": 2.224392890930176, "_step": 1, "accuracy": 0.837, "precision": 0.5454545454545454, "recall": 0.036585365853658534, "f1_score": 0.06857142857142856, "_wandb": {"runtime": 1}}