{"average_train_loss": 0.397470824729495, "average_valid_loss": 0.4147259797590696, "_timestamp": 1693565023.487021, "_runtime": 1.9906859397888184, "_step": 1, "accuracy": 0.834, "precision": 0.4, "recall": 0.024390243902439025, "f1_score": 0.04597701149425288, "_wandb": {"runtime": 1}}