{"average_train_loss": 0.40062239763556634, "average_valid_loss": 0.4147552875918903, "_timestamp": 1693565266.5346859, "_runtime": 1.5240929126739502, "_step": 1, "accuracy": 0.835, "precision": 0.4, "recall": 0.012195121951219513, "f1_score": 0.02366863905325444, "_wandb": {"runtime": 0}}