{"average_train_loss": 0.3914869808363327, "average_valid_loss": 0.4132591471065638, "_timestamp": 1693564757.738027, "_runtime": 2.281095027923584, "_step": 1, "accuracy": 0.835, "precision": 0.48, "recall": 0.07317073170731707, "f1_score": 0.12698412698412698, "_wandb": {"runtime": 1}}