{"average_train_loss": 0.40201166682000583, "average_valid_loss": 0.41593628645283603, "_timestamp": 1693596343.972241, "_runtime": 1.5933849811553955, "_step": 1, "accuracy": 0.834, "precision": 0.0, "recall": 0.0, "f1_score": 0.0, "_wandb": {"runtime": 0}}