{"average_train_loss": 0.3989111508853979, "average_valid_loss": 0.41431766652422597, "_timestamp": 1693590434.1276941, "_runtime": 2.2199602127075195, "_step": 1, "accuracy": 0.834, "precision": 0.45, "recall": 0.054878048780487805, "f1_score": 0.09782608695652174, "_wandb": {"runtime": 1}}