{"average_train_loss": 0.395138890046508, "average_valid_loss": 0.4137207953531574, "_timestamp": 1693596136.024565, "_runtime": 1.9621429443359375, "_step": 1, "accuracy": 0.834, "precision": 0.4444444444444444, "recall": 0.04878048780487805, "f1_score": 0.08791208791208792, "_wandb": {"runtime": 0}}