{"average_train_loss": 0.4058426025000314, "average_valid_loss": 0.4167217954053326, "_timestamp": 1693589061.3798442, "_runtime": 1.394214153289795, "_step": 1, "accuracy": 0.836, "precision": 0.0, "recall": 0.0, "f1_score": 0.0, "_wandb": {"runtime": 0}}