{"average_train_loss": 0.39969462240779374, "average_valid_loss": 0.41508700893321576, "_timestamp": 1693593477.3430889, "_runtime": 1.7767958641052246, "_step": 1, "accuracy": 0.835, "precision": 0.3333333333333333, "recall": 0.006097560975609756, "f1_score": 0.011976047904191616, "_wandb": {"runtime": 0}}