{"average_train_loss": 0.40231994568556173, "average_valid_loss": 0.4158170035882617, "_timestamp": 1693512194.812124, "_runtime": 9.471957921981812, "_step": 0, "_wandb": {"runtime": 8}}