{"average_train_loss": 0.39892425449420377, "average_valid_loss": 0.41493768711879747, "_timestamp": 1693588350.6134558, "_runtime": 2.1653668880462646, "_step": 1, "accuracy": 0.834, "precision": 0.4444444444444444, "recall": 0.04878048780487805, "f1_score": 0.08791208791208792, "_wandb": {"runtime": 0}}