{"average_train_loss": 0.3996533724131649, "average_valid_loss": 0.4139127750290761, "_timestamp": 1693594669.188452, "_runtime": 7.035259008407593, "_step": 1, "accuracy": 0.835, "precision": 0.45454545454545453, "recall": 0.03048780487804878, "f1_score": 0.05714285714285714, "_wandb": {"runtime": 1}}