{"average_train_loss": 0.40193504559590293, "average_valid_loss": 0.416952260998043, "_timestamp": 1693514215.8644202, "_runtime": 1.7544221878051758, "_step": 0, "_wandb": {"runtime": 0}}