{"average_train_loss": 0.4019540928581907, "average_valid_loss": 0.4146822586712322, "_timestamp": 1693597099.374487, "_runtime": 1.5101699829101562, "_step": 1, "accuracy": 0.836, "precision": 0.5, "recall": 0.006097560975609756, "f1_score": 0.012048192771084338, "_wandb": {"runtime": 0}}