{"average_train_loss": 0.4013237985416771, "average_valid_loss": 0.41825110095000595, "_timestamp": 1693595355.302426, "_runtime": 2.859098196029663, "_step": 1, "accuracy": 0.834, "precision": 0.4, "recall": 0.024390243902439025, "f1_score": 0.04597701149425288, "_wandb": {"runtime": 1}}