{"average_train_loss": 0.4082945208535012, "average_valid_loss": 0.41645559329260906, "_timestamp": 1693591511.995577, "_runtime": 1.4540510177612305, "_step": 1, "accuracy": 0.836, "precision": 0.0, "recall": 0.0, "f1_score": 0.0, "_wandb": {"runtime": 0}}