{"accuracy": 0.825, "_timestamp": 1693506639.9265862, "_runtime": 12.337432146072388, "_step": 0, "_wandb": {"runtime": 0}}