{"average_train_loss": 0.3946620549727287, "average_valid_loss": 0.4168971502451497, "_timestamp": 1693598165.169301, "_runtime": 2.234560966491699, "_step": 1, "accuracy": 0.834, "precision": 0.42857142857142855, "recall": 0.036585365853658534, "f1_score": 0.06741573033707865, "_wandb": {"runtime": 1}}