{"average_train_loss": 0.3949576909766424, "average_valid_loss": 0.417139042227632, "_timestamp": 1693514149.313466, "_runtime": 1.5464341640472412, "_step": 0, "_wandb": {"runtime": 0}}