{"average_train_loss": 0.3987932075157817, "average_valid_loss": 0.41570723614498456, "_timestamp": 1693595788.7702599, "_runtime": 2.987421751022339, "_step": 1, "accuracy": 0.836, "precision": 0.5, "recall": 0.04878048780487805, "f1_score": 0.08888888888888888, "_wandb": {"runtime": 1}}