{"average_train_loss": 0.38707096515610795, "average_valid_loss": 0.4141322727575619, "_timestamp": 1693512140.0584252, "_runtime": 4.642931222915649, "_step": 0, "_wandb": {"runtime": 3}}