{"average_train_loss": 0.39450502803650883, "average_valid_loss": 0.41392606635259904, "_timestamp": 1693565001.906283, "_runtime": 2.726426839828491, "_step": 1, "accuracy": 0.832, "precision": 0.35714285714285715, "recall": 0.03048780487804878, "f1_score": 0.05617977528089888, "_wandb": {"runtime": 1}}