{"average_train_loss": 0.3927921261300365, "average_valid_loss": 0.41315110787446635, "_timestamp": 1693597189.542023, "_runtime": 2.1320290565490723, "_step": 1, "accuracy": 0.834, "precision": 0.4375, "recall": 0.042682926829268296, "f1_score": 0.07777777777777779, "_wandb": {"runtime": 1}}