{"average_train_loss": 0.3973047074484776, "average_valid_loss": 0.4144875456621771, "_timestamp": 1693565360.6713972, "_runtime": 2.3832852840423584, "_step": 1, "accuracy": 0.837, "precision": 0.5454545454545454, "recall": 0.036585365853658534, "f1_score": 0.06857142857142856, "_wandb": {"runtime": 1}}