{"average_train_loss": 0.39649142362517376, "average_valid_loss": 0.41542566082603855, "_timestamp": 1693591811.940565, "_runtime": 2.740617036819458, "_step": 1, "accuracy": 0.834, "precision": 0.4375, "recall": 0.042682926829268296, "f1_score": 0.07777777777777779, "_wandb": {"runtime": 0}}