{"average_train_loss": 0.4028986407267198, "average_valid_loss": 0.41501180529856707, "_timestamp": 1693588984.0230021, "_runtime": 1.6882450580596924, "_step": 1, "accuracy": 0.835, "precision": 0.0, "recall": 0.0, "f1_score": 0.0, "_wandb": {"runtime": 0}}