{"average_train_loss": 0.40454962483656404, "average_valid_loss": 0.4149857955391284, "_timestamp": 1693590684.281518, "_runtime": 1.47285795211792, "_step": 1, "accuracy": 0.836, "precision": 0.0, "recall": 0.0, "f1_score": 0.0, "_wandb": {"runtime": 0}}