{"average_train_loss": 0.40660981665212453, "average_valid_loss": 0.4156037211843598, "_timestamp": 1693589892.6768901, "_runtime": 1.1892940998077393, "_step": 1, "accuracy": 0.835, "precision": 0.0, "recall": 0.0, "f1_score": 0.0, "_wandb": {"runtime": 0}}