{"average_train_loss": 0.397546399731749, "average_valid_loss": 0.4132682976477616, "_timestamp": 1693590092.692616, "_runtime": 1.6235980987548828, "_step": 1, "accuracy": 0.836, "precision": 0.5, "recall": 0.04878048780487805, "f1_score": 0.08888888888888888, "_wandb": {"runtime": 0}}