{"average_train_loss": 0.4056188728683571, "average_valid_loss": 0.4184239728553077, "_timestamp": 1693591988.359116, "_runtime": 1.3686060905456543, "_step": 1, "accuracy": 0.836, "precision": 0.5, "recall": 0.006097560975609756, "f1_score": 0.012048192771084338, "_wandb": {"runtime": 0}}