{"average_train_loss": 0.39487947703781595, "average_valid_loss": 0.4130423295868236, "_timestamp": 1693593175.992724, "_runtime": 1.9811639785766602, "_step": 1, "accuracy": 0.833, "precision": 0.3333333333333333, "recall": 0.018292682926829267, "f1_score": 0.03468208092485549, "_wandb": {"runtime": 0}}