{"average_train_loss": 0.38670530251151775, "average_valid_loss": 0.41313950516433795, "_timestamp": 1693512039.09156, "_runtime": 5.623622894287109, "_step": 0, "_wandb": {"runtime": 4}}