{"average_train_loss": 0.3986545776196665, "average_valid_loss": 0.41951985246970724, "_timestamp": 1693512205.782618, "_runtime": 2.7679359912872314, "_step": 0, "_wandb": {"runtime": 1}}