{"average_train_loss": 0.3954239176361254, "average_valid_loss": 0.41314884238572247, "_timestamp": 1693592593.0639539, "_runtime": 2.4462478160858154, "_step": 1, "accuracy": 0.836, "precision": 0.5, "recall": 0.024390243902439025, "f1_score": 0.046511627906976744, "_wandb": {"runtime": 1}}