{"average_train_loss": 0.39418024733566004, "average_valid_loss": 0.4148076649976549, "_timestamp": 1693590576.327681, "_runtime": 1.652618169784546, "_step": 1, "accuracy": 0.835, "precision": 0.47058823529411764, "recall": 0.04878048780487805, "f1_score": 0.08839779005524862, "_wandb": {"runtime": 0}}