{"average_train_loss": 0.4029606402007942, "average_valid_loss": 0.4154093139023542, "_timestamp": 1693588748.230102, "_runtime": 1.3776299953460693, "_step": 1, "accuracy": 0.835, "precision": 0.3333333333333333, "recall": 0.006097560975609756, "f1_score": 0.011976047904191616, "_wandb": {"runtime": 0}}