{"average_train_loss": 0.4053812177711161, "average_valid_loss": 0.415164686598222, "_timestamp": 1693594529.229016, "_runtime": 1.3601551055908203, "_step": 1, "accuracy": 0.836, "precision": 0.5, "recall": 0.054878048780487805, "f1_score": 0.0989010989010989, "_wandb": {"runtime": 0}}