{"average_train_loss": 0.40395896105791385, "average_valid_loss": 0.4152921676433365, "_timestamp": 1693596682.173253, "_runtime": 2.6283700466156006, "_step": 1, "accuracy": 0.836, "precision": 0.5, "recall": 0.006097560975609756, "f1_score": 0.012048192771084338, "_wandb": {"runtime": 1}}