{"average_train_loss": 0.3952835308440043, "average_valid_loss": 0.4144321250030978, "_timestamp": 1693593087.938056, "_runtime": 2.2385830879211426, "_step": 1, "accuracy": 0.835, "precision": 0.47058823529411764, "recall": 0.04878048780487805, "f1_score": 0.08839779005524862, "_wandb": {"runtime": 1}}