{"average_train_loss": 0.3904490598753917, "average_valid_loss": 0.4143222665182794, "_timestamp": 1693596476.0899122, "_runtime": 2.4620072841644287, "_step": 1, "accuracy": 0.837, "precision": 0.5238095238095238, "recall": 0.06707317073170732, "f1_score": 0.11891891891891894, "_wandb": {"runtime": 0}}