{"average_train_loss": 0.397153497958606, "average_valid_loss": 0.4165257476425372, "_timestamp": 1693595039.803146, "_runtime": 2.9554359912872314, "_step": 1, "accuracy": 0.832, "precision": 0.35714285714285715, "recall": 0.03048780487804878, "f1_score": 0.05617977528089888, "_wandb": {"runtime": 2}}