{"average_train_loss": 0.39473889394271955, "average_valid_loss": 0.41404637454648074, "_timestamp": 1693511987.032892, "_runtime": 6.402189016342163, "_step": 0, "_wandb": {"runtime": 4}}