{"average_train_loss": 0.41253552885028794, "average_valid_loss": 0.41887168306945544, "_timestamp": 1693589937.96635, "_runtime": 2.620258092880249, "_step": 1, "accuracy": 0.836, "precision": 0.0, "recall": 0.0, "f1_score": 0.0, "_wandb": {"runtime": 0}}