{"average_train_loss": 0.40253842194712613, "average_valid_loss": 0.41573454148694666, "_timestamp": 1693595093.519, "_runtime": 2.2194111347198486, "_step": 1, "accuracy": 0.836, "precision": 0.5, "recall": 0.006097560975609756, "f1_score": 0.012048192771084338, "_wandb": {"runtime": 1}}