{"average_train_loss": 0.3989293370011825, "average_valid_loss": 0.41424877117489545, "_timestamp": 1693589245.6340852, "_runtime": 1.6608600616455078, "_step": 1, "accuracy": 0.832, "precision": 0.375, "recall": 0.036585365853658534, "f1_score": 0.06666666666666667, "_wandb": {"runtime": 0}}