{"average_train_loss": 0.4002240834302259, "average_valid_loss": 0.4179077487249278, "_timestamp": 1693596585.196089, "_runtime": 5.948873043060303, "_step": 1, "accuracy": 0.833, "precision": 0.38461538461538464, "recall": 0.03048780487804878, "f1_score": 0.056497175141242945, "_wandb": {"runtime": 1}}