{"average_train_loss": 0.39951765040529963, "average_valid_loss": 0.41515375997703485, "_timestamp": 1693597446.353796, "_runtime": 2.0322940349578857, "_step": 1, "accuracy": 0.834, "precision": 0.4444444444444444, "recall": 0.04878048780487805, "f1_score": 0.08791208791208792, "_wandb": {"runtime": 1}}