{"average_train_loss": 0.3936040126879136, "average_valid_loss": 0.41419678444101304, "_timestamp": 1693592358.232671, "_runtime": 2.0189390182495117, "_step": 1, "accuracy": 0.833, "precision": 0.4, "recall": 0.036585365853658534, "f1_score": 0.0670391061452514, "_wandb": {"runtime": 1}}