{"average_train_loss": 0.39995701892411534, "average_valid_loss": 0.4166401024836479, "_timestamp": 1693594781.1616151, "_runtime": 2.4553940296173096, "_step": 1, "accuracy": 0.834, "precision": 0.4166666666666667, "recall": 0.03048780487804878, "f1_score": 0.056818181818181816, "_wandb": {"runtime": 1}}