{"average_train_loss": 0.4047400768987054, "average_valid_loss": 0.4186082240101225, "_timestamp": 1693594354.962302, "_runtime": 1.5406739711761475, "_step": 1, "accuracy": 0.835, "precision": 0.42857142857142855, "recall": 0.018292682926829267, "f1_score": 0.03508771929824561, "_wandb": {"runtime": 0}}