{"average_train_loss": 0.3853331087937669, "average_valid_loss": 0.41313656909273516, "_timestamp": 1693588456.243006, "_runtime": 2.8833069801330566, "_step": 1, "accuracy": 0.836, "precision": 0.5, "recall": 0.042682926829268296, "f1_score": 0.07865168539325842, "_wandb": {"runtime": 1}}