{"average_train_loss": 0.3931805789347875, "average_valid_loss": 0.41390787529918055, "_timestamp": 1693593031.5466108, "_runtime": 2.049001932144165, "_step": 1, "accuracy": 0.835, "precision": 0.42857142857142855, "recall": 0.018292682926829267, "f1_score": 0.03508771929824561, "_wandb": {"runtime": 1}}