{"average_train_loss": 0.3939301911140593, "average_valid_loss": 0.4134359914922106, "_timestamp": 1693594128.126629, "_runtime": 2.0315871238708496, "_step": 1, "accuracy": 0.834, "precision": 0.42857142857142855, "recall": 0.036585365853658534, "f1_score": 0.06741573033707865, "_wandb": {"runtime": 1}}