{"average_train_loss": 0.40278383337289736, "average_valid_loss": 0.41489162249982303, "_timestamp": 1693589797.926603, "_runtime": 1.8076810836791992, "_step": 1, "accuracy": 0.832, "precision": 0.16666666666666666, "recall": 0.006097560975609756, "f1_score": 0.011764705882352941, "_wandb": {"runtime": 0}}