{"average_train_loss": 0.3956646059361803, "average_valid_loss": 0.4141979682061523, "_timestamp": 1693589097.1151202, "_runtime": 2.8588180541992188, "_step": 1, "accuracy": 0.835, "precision": 0.45454545454545453, "recall": 0.03048780487804878, "f1_score": 0.05714285714285714, "_wandb": {"runtime": 1}}