{"average_train_loss": 0.39029085340060976, "average_valid_loss": 0.41437457177698794, "_timestamp": 1693512301.796072, "_runtime": 5.759443044662476, "_step": 0, "_wandb": {"runtime": 4}}