{"average_train_loss": 0.40109272787475025, "average_valid_loss": 0.41430381178091114, "_timestamp": 1693588676.5804212, "_runtime": 2.0263731479644775, "_step": 1, "accuracy": 0.835, "precision": 0.4444444444444444, "recall": 0.024390243902439025, "f1_score": 0.046242774566473986, "_wandb": {"runtime": 0}}