{"average_train_loss": 0.40176838807381215, "average_valid_loss": 0.4168706861487602, "_timestamp": 1693514237.8301618, "_runtime": 1.6254398822784424, "_step": 0, "_wandb": {"runtime": 0}}