{"average_train_loss": 0.3993992495407061, "average_valid_loss": 0.4156744117460722, "_timestamp": 1693591579.672384, "_runtime": 2.7880070209503174, "_step": 1, "accuracy": 0.836, "precision": 0.5, "recall": 0.04878048780487805, "f1_score": 0.08888888888888888, "_wandb": {"runtime": 1}}