{"average_train_loss": 0.39419728526742903, "average_valid_loss": 0.4138498511045017, "_timestamp": 1693597753.396022, "_runtime": 2.6746580600738525, "_step": 1, "accuracy": 0.835, "precision": 0.4666666666666667, "recall": 0.042682926829268296, "f1_score": 0.0782122905027933, "_wandb": {"runtime": 1}}