{"average_train_loss": 0.3990849003769663, "average_valid_loss": 0.4141891152945672, "_timestamp": 1693592015.997348, "_runtime": 1.5405681133270264, "_step": 1, "accuracy": 0.834, "precision": 0.25, "recall": 0.006097560975609756, "f1_score": 0.011904761904761904, "_wandb": {"runtime": 0}}