{"average_train_loss": 0.39757131467801776, "average_valid_loss": 0.4170296631104581, "_timestamp": 1693514173.202956, "_runtime": 3.2260658740997314, "_step": 0, "_wandb": {"runtime": 0}}