{"average_train_loss": 0.40365802208829354, "average_valid_loss": 0.4148322709401256, "_timestamp": 1693595942.264688, "_runtime": 1.898029088973999, "_step": 1, "accuracy": 0.836, "precision": 0.5, "recall": 0.006097560975609756, "f1_score": 0.012048192771084338, "_wandb": {"runtime": 0}}