{"average_train_loss": 0.39511826645606435, "average_valid_loss": 0.4138246910744362, "_timestamp": 1693593560.384713, "_runtime": 1.690026044845581, "_step": 1, "accuracy": 0.836, "precision": 0.5, "recall": 0.06097560975609756, "f1_score": 0.10869565217391303, "_wandb": {"runtime": 0}}