{"average_train_loss": 0.39345105288475823, "average_valid_loss": 0.41371174067473815, "_timestamp": 1693594740.053632, "_runtime": 5.11739706993103, "_step": 1, "accuracy": 0.833, "precision": 0.4117647058823529, "recall": 0.042682926829268296, "f1_score": 0.07734806629834254, "_wandb": {"runtime": 1}}