{"average_train_loss": 0.4045609262712866, "average_valid_loss": 0.4145593286955492, "_timestamp": 1693590411.401116, "_runtime": 1.7430098056793213, "_step": 1, "accuracy": 0.835, "precision": 0.4444444444444444, "recall": 0.024390243902439025, "f1_score": 0.046242774566473986, "_wandb": {"runtime": 0}}