{"average_train_loss": 0.4089058741290151, "average_valid_loss": 0.4160729883517456, "_timestamp": 1693565298.7779489, "_runtime": 1.1635849475860596, "_step": 1, "accuracy": 0.835, "precision": 0.42857142857142855, "recall": 0.018292682926829267, "f1_score": 0.03508771929824561, "_wandb": {"runtime": 0}}