{"average_train_loss": 0.3975644642660813, "average_valid_loss": 0.4149008256644512, "_timestamp": 1693595116.58737, "_runtime": 1.3836679458618164, "_step": 1, "accuracy": 0.835, "precision": 0.4, "recall": 0.012195121951219513, "f1_score": 0.02366863905325444, "_wandb": {"runtime": 0}}