{"average_train_loss": 0.38990509795874245, "average_valid_loss": 0.41046451346202234, "_timestamp": 1693593053.961759, "_runtime": 2.1064951419830322, "_step": 1, "accuracy": 0.836, "precision": 0.5, "recall": 0.03048780487804878, "f1_score": 0.05747126436781609, "_wandb": {"runtime": 0}}