{"average_train_loss": 0.4032674532332978, "average_valid_loss": 0.4155946420998649, "_timestamp": 1693597110.651521, "_runtime": 1.6209840774536133, "_step": 1, "accuracy": 0.839, "precision": 0.8, "recall": 0.024390243902439025, "f1_score": 0.04733727810650888, "_wandb": {"runtime": 0}}