{"average_train_loss": 0.3961501378535409, "average_valid_loss": 0.4126383650843133, "_timestamp": 1693597133.2952309, "_runtime": 1.73944091796875, "_step": 1, "accuracy": 0.833, "precision": 0.38461538461538464, "recall": 0.03048780487804878, "f1_score": 0.056497175141242945, "_wandb": {"runtime": 0}}