{"average_train_loss": 0.4002610770403593, "average_valid_loss": 0.41617139060811414, "_timestamp": 1693565455.862454, "_runtime": 1.5281288623809814, "_step": 1, "accuracy": 0.835, "precision": 0.46153846153846156, "recall": 0.036585365853658534, "f1_score": 0.06779661016949153, "_wandb": {"runtime": 0}}