{"average_train_loss": 0.3937877866184838, "average_valid_loss": 0.4124795746430382, "_timestamp": 1693593594.377921, "_runtime": 2.0704450607299805, "_step": 1, "accuracy": 0.831, "precision": 0.35294117647058826, "recall": 0.036585365853658534, "f1_score": 0.06629834254143646, "_wandb": {"runtime": 1}}