{"average_train_loss": 0.3928481130068097, "average_valid_loss": 0.4146205976659215, "_timestamp": 1693512323.504606, "_runtime": 5.9993369579315186, "_step": 0, "_wandb": {"runtime": 4}}