{"average_train_loss": 0.4074130432891774, "average_valid_loss": 0.41593705608492426, "_timestamp": 1693596405.939014, "_runtime": 1.51829195022583, "_step": 1, "accuracy": 0.831, "precision": 0.38095238095238093, "recall": 0.04878048780487805, "f1_score": 0.08648648648648649, "_wandb": {"runtime": 0}}