{"average_train_loss": 0.3976872747105597, "average_valid_loss": 0.4129042529367598, "_timestamp": 1693595272.0730848, "_runtime": 2.0041558742523193, "_step": 1, "accuracy": 0.835, "precision": 0.42857142857142855, "recall": 0.018292682926829267, "f1_score": 0.03508771929824561, "_wandb": {"runtime": 0}}