{"average_train_loss": 0.3973655776143549, "average_valid_loss": 0.4144068054669475, "_timestamp": 1693590203.709506, "_runtime": 2.1129910945892334, "_step": 1, "accuracy": 0.836, "precision": 0.5, "recall": 0.03048780487804878, "f1_score": 0.05747126436781609, "_wandb": {"runtime": 1}}