{"average_train_loss": 0.39551111239963854, "average_valid_loss": 0.41588228223949625, "_timestamp": 1693596190.761371, "_runtime": 1.597834825515747, "_step": 1, "accuracy": 0.836, "precision": 0.5, "recall": 0.036585365853658534, "f1_score": 0.06818181818181818, "_wandb": {"runtime": 0}}