{"average_train_loss": 0.39695399034516127, "average_valid_loss": 0.41572622742156945, "_timestamp": 1693596828.801149, "_runtime": 2.3103108406066895, "_step": 1, "accuracy": 0.837, "precision": 0.5454545454545454, "recall": 0.036585365853658534, "f1_score": 0.06857142857142856, "_wandb": {"runtime": 1}}