{"average_train_loss": 0.39431730951118044, "average_valid_loss": 0.4143908013440107, "_timestamp": 1693595433.041574, "_runtime": 3.072269916534424, "_step": 1, "accuracy": 0.837, "precision": 0.5454545454545454, "recall": 0.036585365853658534, "f1_score": 0.06857142857142856, "_wandb": {"runtime": 1}}