{"average_train_loss": 0.39487760656066895, "average_valid_loss": 0.4153726149360196, "_timestamp": 1693596171.464158, "_runtime": 5.095502138137817, "_step": 1, "accuracy": 0.837, "precision": 0.5333333333333333, "recall": 0.04878048780487805, "f1_score": 0.08938547486033518, "_wandb": {"runtime": 4}}