{"average_train_loss": 0.39344052830908355, "average_valid_loss": 0.4138196017153214, "_timestamp": 1693592698.943032, "_runtime": 1.4917171001434326, "_step": 1, "accuracy": 0.836, "precision": 0.5, "recall": 0.06097560975609756, "f1_score": 0.10869565217391303, "_wandb": {"runtime": 0}}