{"average_train_loss": 0.40081208322298095, "average_valid_loss": 0.4136150468796036, "_timestamp": 1693591589.4260669, "_runtime": 1.681459903717041, "_step": 1, "accuracy": 0.835, "precision": 0.3333333333333333, "recall": 0.006097560975609756, "f1_score": 0.011976047904191616, "_wandb": {"runtime": 0}}