{"average_train_loss": 0.39534261957628986, "average_valid_loss": 0.41385852008162877, "_timestamp": 1693597669.6281018, "_runtime": 2.297508716583252, "_step": 1, "accuracy": 0.833, "precision": 0.38461538461538464, "recall": 0.03048780487804878, "f1_score": 0.056497175141242945, "_wandb": {"runtime": 0}}