{"average_train_loss": 0.41662854518311326, "average_valid_loss": 0.4235969797159044, "_timestamp": 1693512276.209583, "_runtime": 2.4198930263519287, "_step": 0, "_wandb": {"runtime": 1}}