{"average_train_loss": 0.3971451698619653, "average_valid_loss": 0.41387172544944256, "_timestamp": 1693512334.074274, "_runtime": 3.4017810821533203, "_step": 0, "_wandb": {"runtime": 2}}