{"average_train_loss": 0.3981745627362003, "average_valid_loss": 0.4152269309114265, "_timestamp": 1693596158.0514848, "_runtime": 1.6167848110198975, "_step": 1, "accuracy": 0.836, "precision": 0.5, "recall": 0.03048780487804878, "f1_score": 0.05747126436781609, "_wandb": {"runtime": 0}}