{"average_train_loss": 0.3941325868403285, "average_valid_loss": 0.412758790403363, "_timestamp": 1693596092.126007, "_runtime": 1.7707841396331787, "_step": 1, "accuracy": 0.837, "precision": 0.6, "recall": 0.018292682926829267, "f1_score": 0.03550295857988166, "_wandb": {"runtime": 0}}