{"average_train_loss": 0.39412659884719276, "average_valid_loss": 0.41479986805454605, "_timestamp": 1693594152.21612, "_runtime": 4.91436505317688, "_step": 1, "accuracy": 0.834, "precision": 0.4375, "recall": 0.042682926829268296, "f1_score": 0.07777777777777779, "_wandb": {"runtime": 3}}