{"average_train_loss": 0.3975676741447664, "average_valid_loss": 0.41808638899196526, "_timestamp": 1693594679.91095, "_runtime": 1.8333089351654053, "_step": 1, "accuracy": 0.832, "precision": 0.3888888888888889, "recall": 0.042682926829268296, "f1_score": 0.07692307692307693, "_wandb": {"runtime": 0}}