{"average_train_loss": 0.4088868422869108, "average_valid_loss": 0.41631679136161076, "_timestamp": 1693591977.198385, "_runtime": 1.3500559329986572, "_step": 1, "accuracy": 0.835, "precision": 0.0, "recall": 0.0, "f1_score": 0.0, "_wandb": {"runtime": 0}}