{"average_train_loss": 0.38720802947975685, "average_valid_loss": 0.4166968025649161, "_timestamp": 1693595240.368557, "_runtime": 4.942583084106445, "_step": 1, "accuracy": 0.833, "precision": 0.42857142857142855, "recall": 0.054878048780487805, "f1_score": 0.09729729729729729, "_wandb": {"runtime": 3}}