{"average_train_loss": 0.40637128394994765, "average_valid_loss": 0.4176637799895344, "_timestamp": 1693596384.0054882, "_runtime": 1.7081210613250732, "_step": 1, "accuracy": 0.837, "precision": 0.6666666666666666, "recall": 0.012195121951219513, "f1_score": 0.02395209580838323, "_wandb": {"runtime": 0}}