{"average_train_loss": 0.39917193433055354, "average_valid_loss": 0.4142262440544756, "_timestamp": 1693589679.542698, "_runtime": 1.6207249164581299, "_step": 1, "accuracy": 0.836, "precision": 0.5, "recall": 0.042682926829268296, "f1_score": 0.07865168539325842, "_wandb": {"runtime": 0}}