{"average_train_loss": 0.40244855559736004, "average_valid_loss": 0.41442981044647337, "_timestamp": 1693565309.88226, "_runtime": 1.2304151058197021, "_step": 1, "accuracy": 0.834, "precision": 0.42857142857142855, "recall": 0.036585365853658534, "f1_score": 0.06741573033707865, "_wandb": {"runtime": 0}}