{"average_train_loss": 0.3994966878340877, "average_valid_loss": 0.41453787794565183, "_timestamp": 1693593143.43226, "_runtime": 2.751223087310791, "_step": 1, "accuracy": 0.837, "precision": 0.6, "recall": 0.018292682926829267, "f1_score": 0.03550295857988166, "_wandb": {"runtime": 0}}