{"average_train_loss": 0.40135839943222684, "average_valid_loss": 0.41545473704710834, "_timestamp": 1693596704.213492, "_runtime": 1.7761750221252441, "_step": 1, "accuracy": 0.835, "precision": 0.4444444444444444, "recall": 0.024390243902439025, "f1_score": 0.046242774566473986, "_wandb": {"runtime": 0}}