{"average_train_loss": 0.3957095143342982, "average_valid_loss": 0.41568313479725794, "_timestamp": 1693594183.0344582, "_runtime": 2.3629441261291504, "_step": 1, "accuracy": 0.833, "precision": 0.42105263157894735, "recall": 0.04878048780487805, "f1_score": 0.08743169398907104, "_wandb": {"runtime": 1}}