{"average_train_loss": 0.40234956805266714, "average_valid_loss": 0.4150891658390787, "_timestamp": 1693593996.426909, "_runtime": 1.5052330493927002, "_step": 1, "accuracy": 0.835, "precision": 0.0, "recall": 0.0, "f1_score": 0.0, "_wandb": {"runtime": 0}}