{"average_train_loss": 0.40450836953012537, "average_valid_loss": 0.4147764333620663, "_timestamp": 1693588864.7287009, "_runtime": 1.6014549732208252, "_step": 1, "accuracy": 0.835, "precision": 0.0, "recall": 0.0, "f1_score": 0.0, "_wandb": {"runtime": 0}}