{"average_train_loss": 0.40834594074734265, "average_valid_loss": 0.4161237474320304, "_timestamp": 1693564955.448956, "_runtime": 1.6340930461883545, "_step": 1, "accuracy": 0.836, "precision": 0.0, "recall": 0.0, "f1_score": 0.0, "_wandb": {"runtime": 0}}