{"average_train_loss": 0.3946524095002999, "average_valid_loss": 0.41473581996197106, "_timestamp": 1693597534.855422, "_runtime": 2.9569239616394043, "_step": 1, "accuracy": 0.835, "precision": 0.4666666666666667, "recall": 0.042682926829268296, "f1_score": 0.0782122905027933, "_wandb": {"runtime": 1}}