{"average_train_loss": 0.3955263068063968, "average_valid_loss": 0.4143440134930726, "_timestamp": 1693588243.002859, "_runtime": 1.7857742309570312, "_step": 1, "accuracy": 0.835, "precision": 0.42857142857142855, "recall": 0.018292682926829267, "f1_score": 0.03508771929824561, "_wandb": {"runtime": 0}}