{"average_train_loss": 0.3969640560071672, "average_valid_loss": 0.41575874271517177, "_timestamp": 1693597434.8841338, "_runtime": 1.6411278247833252, "_step": 1, "accuracy": 0.835, "precision": 0.47058823529411764, "recall": 0.04878048780487805, "f1_score": 0.08839779005524862, "_wandb": {"runtime": 0}}