{"average_train_loss": 0.3939090730975855, "average_valid_loss": 0.41579098867362535, "_timestamp": 1693588698.173548, "_runtime": 1.769982099533081, "_step": 1, "accuracy": 0.836, "precision": 0.5, "recall": 0.024390243902439025, "f1_score": 0.046511627906976744, "_wandb": {"runtime": 0}}