{"accuracy": 0.825, "_timestamp": 1693506570.26723, "_runtime": 4.741639137268066, "_step": 0, "_wandb": {"runtime": 0}}