{"average_train_loss": 0.40942292550615056, "average_valid_loss": 0.41543288576517123, "_timestamp": 1693598194.373504, "_runtime": 1.94386887550354, "_step": 1, "accuracy": 0.836, "precision": 0.5, "recall": 0.006097560975609756, "f1_score": 0.012048192771084338, "_wandb": {"runtime": 0}}