{"average_train_loss": 0.3984155638072293, "average_valid_loss": 0.4141324352137826, "_timestamp": 1693589201.548876, "_runtime": 1.993239164352417, "_step": 1, "accuracy": 0.836, "precision": 0.5, "recall": 0.042682926829268296, "f1_score": 0.07865168539325842, "_wandb": {"runtime": 0}}