{"average_train_loss": 0.3947948919417607, "average_valid_loss": 0.41386852831067766, "_timestamp": 1693588530.995966, "_runtime": 1.7837269306182861, "_step": 1, "accuracy": 0.836, "precision": 0.5, "recall": 0.07926829268292683, "f1_score": 0.1368421052631579, "_wandb": {"runtime": 0}}