{"average_train_loss": 0.3938163618861142, "average_valid_loss": 0.4129309312780713, "_timestamp": 1693512101.813317, "_runtime": 4.525540113449097, "_step": 0, "_wandb": {"runtime": 3}}