{"average_train_loss": 0.4012892782078002, "average_valid_loss": 0.41504411578439404, "_timestamp": 1693592943.319324, "_runtime": 1.7535951137542725, "_step": 1, "accuracy": 0.835, "precision": 0.46153846153846156, "recall": 0.036585365853658534, "f1_score": 0.06779661016949153, "_wandb": {"runtime": 0}}