{"average_train_loss": 0.3995845023126553, "average_valid_loss": 0.41546415934414993, "_timestamp": 1693596963.036375, "_runtime": 2.4237310886383057, "_step": 1, "accuracy": 0.833, "precision": 0.3333333333333333, "recall": 0.018292682926829267, "f1_score": 0.03468208092485549, "_wandb": {"runtime": 1}}