{"average_train_loss": 0.4035375861942359, "average_valid_loss": 0.4178564180158426, "_timestamp": 1693593313.152226, "_runtime": 1.4011180400848389, "_step": 1, "accuracy": 0.831, "precision": 0.2727272727272727, "recall": 0.018292682926829267, "f1_score": 0.03428571428571428, "_wandb": {"runtime": 0}}