{"average_train_loss": 0.39849986921839536, "average_valid_loss": 0.4141045036350856, "_timestamp": 1693594333.1931362, "_runtime": 1.94631028175354, "_step": 1, "accuracy": 0.837, "precision": 0.5384615384615384, "recall": 0.042682926829268296, "f1_score": 0.0790960451977401, "_wandb": {"runtime": 0}}