{"average_train_loss": 0.3972257544939074, "average_valid_loss": 0.413565216951494, "_timestamp": 1693590377.809918, "_runtime": 1.7443668842315674, "_step": 1, "accuracy": 0.836, "precision": 0.5, "recall": 0.042682926829268296, "f1_score": 0.07865168539325842, "_wandb": {"runtime": 0}}