{"average_train_loss": 0.39069294353409045, "average_valid_loss": 0.41219431056917416, "_timestamp": 1693514095.058219, "_runtime": 2.40504789352417, "_step": 0, "_wandb": {"runtime": 1}}