{"average_train_loss": 0.39451355112271735, "average_valid_loss": 0.416699745344539, "_timestamp": 1693588254.503711, "_runtime": 2.2703850269317627, "_step": 1, "accuracy": 0.835, "precision": 0.4444444444444444, "recall": 0.024390243902439025, "f1_score": 0.046242774566473986, "_wandb": {"runtime": 1}}