{"average_train_loss": 0.40081508750798195, "average_valid_loss": 0.4184272799719181, "_timestamp": 1693595760.677676, "_runtime": 1.6613879203796387, "_step": 1, "accuracy": 0.834, "precision": 0.4166666666666667, "recall": 0.03048780487804878, "f1_score": 0.056818181818181816, "_wandb": {"runtime": 0}}