{"average_train_loss": 0.39185011220902866, "average_valid_loss": 0.41458731207834054, "_timestamp": 1693595680.005486, "_runtime": 3.184838056564331, "_step": 1, "accuracy": 0.837, "precision": 0.5384615384615384, "recall": 0.042682926829268296, "f1_score": 0.0790960451977401, "_wandb": {"runtime": 2}}