{"average_train_loss": 0.3947497800447321, "average_valid_loss": 0.41920386488904604, "_timestamp": 1693565639.7020202, "_runtime": 1.8450992107391357, "_step": 1, "accuracy": 0.834, "precision": 0.4375, "recall": 0.042682926829268296, "f1_score": 0.07777777777777779, "_wandb": {"runtime": 0}}