{"average_train_loss": 0.39285970474577503, "average_valid_loss": 0.41341235090235207, "_timestamp": 1693511951.4513721, "_runtime": 3.4071812629699707, "_step": 0, "_wandb": {"runtime": 2}}