{"average_train_loss": 0.3942818131865194, "average_valid_loss": 0.4126199617216727, "_timestamp": 1693592185.6625988, "_runtime": 2.399589776992798, "_step": 1, "accuracy": 0.835, "precision": 0.4444444444444444, "recall": 0.024390243902439025, "f1_score": 0.046242774566473986, "_wandb": {"runtime": 1}}