{"average_train_loss": 0.39616824207622003, "average_valid_loss": 0.41556980985762204, "_timestamp": 1693594117.3426821, "_runtime": 3.7544240951538086, "_step": 1, "accuracy": 0.833, "precision": 0.38461538461538464, "recall": 0.03048780487804878, "f1_score": 0.056497175141242945, "_wandb": {"runtime": 2}}