{"average_train_loss": 0.39731782784340475, "average_valid_loss": 0.41512169527421294, "_timestamp": 1693598039.015195, "_runtime": 3.043984889984131, "_step": 1, "accuracy": 0.832, "precision": 0.3333333333333333, "recall": 0.024390243902439025, "f1_score": 0.04545454545454545, "_wandb": {"runtime": 1}}