{"average_train_loss": 0.39265842366739573, "average_valid_loss": 0.4138805058900962, "_timestamp": 1693593975.8155031, "_runtime": 2.51284122467041, "_step": 1, "accuracy": 0.831, "precision": 0.3684210526315789, "recall": 0.042682926829268296, "f1_score": 0.07650273224043717, "_wandb": {"runtime": 1}}