{"average_train_loss": 0.3899224847293911, "average_valid_loss": 0.41259977775660006, "_timestamp": 1693565161.9543622, "_runtime": 2.1557650566101074, "_step": 1, "accuracy": 0.832, "precision": 0.35714285714285715, "recall": 0.03048780487804878, "f1_score": 0.05617977528089888, "_wandb": {"runtime": 1}}