{"average_train_loss": 0.39340712111782555, "average_valid_loss": 0.4129279082763959, "_timestamp": 1693596839.585814, "_runtime": 1.9340391159057617, "_step": 1, "accuracy": 0.835, "precision": 0.4666666666666667, "recall": 0.042682926829268296, "f1_score": 0.0782122905027933, "_wandb": {"runtime": 0}}