{"average_train_loss": 0.4022672164895714, "average_valid_loss": 0.416874384726675, "_timestamp": 1693595481.599218, "_runtime": 2.057375907897949, "_step": 1, "accuracy": 0.836, "precision": 0.5, "recall": 0.04878048780487805, "f1_score": 0.08888888888888888, "_wandb": {"runtime": 0}}