{"average_train_loss": 0.4009469303861263, "average_valid_loss": 0.41672455213759413, "_timestamp": 1693597222.746465, "_runtime": 1.3720910549163818, "_step": 1, "accuracy": 0.834, "precision": 0.4166666666666667, "recall": 0.03048780487804878, "f1_score": 0.056818181818181816, "_wandb": {"runtime": 0}}