{"average_train_loss": 0.3933121106248948, "average_valid_loss": 0.4141985958318708, "_timestamp": 1693597786.126244, "_runtime": 2.020686149597168, "_step": 1, "accuracy": 0.831, "precision": 0.4, "recall": 0.06097560975609756, "f1_score": 0.10582010582010581, "_wandb": {"runtime": 0}}