{"average_train_loss": 0.40700979598759957, "average_valid_loss": 0.415437022467103, "_timestamp": 1693595876.2140281, "_runtime": 2.6518101692199707, "_step": 1, "accuracy": 0.835, "precision": 0.0, "recall": 0.0, "f1_score": 0.0, "_wandb": {"runtime": 0}}