{"average_train_loss": 0.39616224370828124, "average_valid_loss": 0.41463009345141905, "_timestamp": 1693589085.945703, "_runtime": 2.124769926071167, "_step": 1, "accuracy": 0.837, "precision": 0.5454545454545454, "recall": 0.036585365853658534, "f1_score": 0.06857142857142856, "_wandb": {"runtime": 1}}