{"average_train_loss": 0.4023841860437762, "average_valid_loss": 0.4151549103299117, "_timestamp": 1693593942.871881, "_runtime": 2.729828119277954, "_step": 1, "accuracy": 0.835, "precision": 0.4444444444444444, "recall": 0.024390243902439025, "f1_score": 0.046242774566473986, "_wandb": {"runtime": 0}}