{"average_train_loss": 0.3977539960625637, "average_valid_loss": 0.41356945043624205, "_timestamp": 1693595071.837752, "_runtime": 2.5161101818084717, "_step": 1, "accuracy": 0.835, "precision": 0.46153846153846156, "recall": 0.036585365853658534, "f1_score": 0.06779661016949153, "_wandb": {"runtime": 1}}