{"average_train_loss": 0.4006317539451336, "average_valid_loss": 0.4137918368483306, "_timestamp": 1693596803.3522298, "_runtime": 2.95611572265625, "_step": 1, "accuracy": 0.833, "precision": 0.2857142857142857, "recall": 0.012195121951219513, "f1_score": 0.023391812865497075, "_wandb": {"runtime": 0}}