{"average_train_loss": 0.39871160567888214, "average_valid_loss": 0.4136109860454537, "_timestamp": 1693591567.1308029, "_runtime": 1.4718849658966064, "_step": 1, "accuracy": 0.836, "precision": 0.5, "recall": 0.012195121951219513, "f1_score": 0.023809523809523808, "_wandb": {"runtime": 0}}