{"average_train_loss": 0.3990776347215328, "average_valid_loss": 0.41530232844783915, "_timestamp": 1693591556.0384011, "_runtime": 1.4368500709533691, "_step": 1, "accuracy": 0.834, "precision": 0.42857142857142855, "recall": 0.036585365853658534, "f1_score": 0.06741573033707865, "_wandb": {"runtime": 0}}