{"average_train_loss": 0.3927334220416802, "average_valid_loss": 0.4139927277905131, "_timestamp": 1693565255.427976, "_runtime": 1.488318920135498, "_step": 1, "accuracy": 0.835, "precision": 0.42857142857142855, "recall": 0.018292682926829267, "f1_score": 0.03508771929824561, "_wandb": {"runtime": 0}}