{"average_train_loss": 0.3953423272911953, "average_valid_loss": 0.41380550220453777, "_timestamp": 1693593099.433304, "_runtime": 2.6820061206817627, "_step": 1, "accuracy": 0.836, "precision": 0.5, "recall": 0.03048780487804878, "f1_score": 0.05747126436781609, "_wandb": {"runtime": 1}}