{"average_train_loss": 0.40167155895536644, "average_valid_loss": 0.4150993731544093, "_timestamp": 1693588907.4018428, "_runtime": 2.0559239387512207, "_step": 1, "accuracy": 0.835, "precision": 0.45454545454545453, "recall": 0.03048780487804878, "f1_score": 0.05714285714285714, "_wandb": {"runtime": 0}}