{"accuracy": 0.825, "_timestamp": 1693506606.5031989, "_runtime": 6.605440855026245, "_step": 0, "_wandb": {"runtime": 2}}