{"average_train_loss": 0.4029058321154406, "average_valid_loss": 0.4179041505831501, "_timestamp": 1693598246.671314, "_runtime": 2.374324083328247, "_step": 1, "accuracy": 0.831, "precision": 0.35294117647058826, "recall": 0.036585365853658534, "f1_score": 0.06629834254143646, "_wandb": {"runtime": 0}}