{"average_train_loss": 0.40405668099106595, "average_valid_loss": 0.4178337093790947, "_timestamp": 1693592932.3547342, "_runtime": 1.2942421436309814, "_step": 1, "accuracy": 0.833, "precision": 0.2, "recall": 0.006097560975609756, "f1_score": 0.01183431952662722, "_wandb": {"runtime": 0}}