{"average_train_loss": 0.39199444955906143, "average_valid_loss": 0.4131573427670629, "_timestamp": 1693589146.777588, "_runtime": 2.5664708614349365, "_step": 1, "accuracy": 0.835, "precision": 0.46153846153846156, "recall": 0.036585365853658534, "f1_score": 0.06779661016949153, "_wandb": {"runtime": 1}}