{"average_train_loss": 0.4018141708726812, "average_valid_loss": 0.41999790847864976, "_timestamp": 1693593131.202424, "_runtime": 1.2550499439239502, "_step": 1, "accuracy": 0.834, "precision": 0.4166666666666667, "recall": 0.03048780487804878, "f1_score": 0.056818181818181816, "_wandb": {"runtime": 0}}