{"average_train_loss": 0.3898858234012311, "average_valid_loss": 0.4139781083014009, "_timestamp": 1693589235.009024, "_runtime": 1.986166000366211, "_step": 1, "accuracy": 0.835, "precision": 0.47058823529411764, "recall": 0.04878048780487805, "f1_score": 0.08839779005524862, "_wandb": {"runtime": 1}}