{"average_train_loss": 0.3991692483706206, "average_valid_loss": 0.41278019087848655, "_timestamp": 1693595138.55539, "_runtime": 2.071769952774048, "_step": 1, "accuracy": 0.836, "precision": 0.0, "recall": 0.0, "f1_score": 0.0, "_wandb": {"runtime": 0}}