{"average_train_loss": 0.4026785434206848, "average_valid_loss": 0.41625325362816123, "_timestamp": 1693590706.239131, "_runtime": 1.5399680137634277, "_step": 1, "accuracy": 0.835, "precision": 0.42857142857142855, "recall": 0.018292682926829267, "f1_score": 0.03508771929824561, "_wandb": {"runtime": 0}}