{"average_train_loss": 0.3983777733477477, "average_valid_loss": 0.41385475344064165, "_timestamp": 1693589571.1883662, "_runtime": 1.295776128768921, "_step": 1, "accuracy": 0.835, "precision": 0.4666666666666667, "recall": 0.042682926829268296, "f1_score": 0.0782122905027933, "_wandb": {"runtime": 0}}