{"average_train_loss": 0.3958179945603798, "average_valid_loss": 0.4166132800905169, "_timestamp": 1693565342.773453, "_runtime": 1.7428579330444336, "_step": 1, "accuracy": 0.834, "precision": 0.45454545454545453, "recall": 0.06097560975609756, "f1_score": 0.10752688172043011, "_wandb": {"runtime": 0}}