{"average_train_loss": 0.4058304949791485, "average_valid_loss": 0.4172054380780463, "_timestamp": 1693598217.319941, "_runtime": 2.114302158355713, "_step": 1, "accuracy": 0.836, "precision": 0.5, "recall": 0.036585365853658534, "f1_score": 0.06818181818181818, "_wandb": {"runtime": 0}}