{"average_train_loss": 0.39316849540733734, "average_valid_loss": 0.41559401308674715, "_timestamp": 1693595127.054896, "_runtime": 1.6752362251281738, "_step": 1, "accuracy": 0.835, "precision": 0.4666666666666667, "recall": 0.042682926829268296, "f1_score": 0.0782122905027933, "_wandb": {"runtime": 0}}