{"average_train_loss": 0.38495895167514615, "average_valid_loss": 0.4169940211326991, "_timestamp": 1693589214.372292, "_runtime": 3.9297821521759033, "_step": 1, "accuracy": 0.831, "precision": 0.3333333333333333, "recall": 0.03048780487804878, "f1_score": 0.0558659217877095, "_wandb": {"runtime": 2}}