{"average_train_loss": 0.39874761824283234, "average_valid_loss": 0.4147214263458042, "_timestamp": 1693594697.199404, "_runtime": 1.9269509315490723, "_step": 1, "accuracy": 0.838, "precision": 0.6666666666666666, "recall": 0.024390243902439025, "f1_score": 0.047058823529411764, "_wandb": {"runtime": 0}}