{"average_train_loss": 0.40210767509944634, "average_valid_loss": 0.41919154173942436, "_timestamp": 1693594299.7259, "_runtime": 1.384807825088501, "_step": 1, "accuracy": 0.835, "precision": 0.45454545454545453, "recall": 0.03048780487804878, "f1_score": 0.05714285714285714, "_wandb": {"runtime": 0}}