{"average_train_loss": 0.3976542751293329, "average_valid_loss": 0.4172682257835, "_timestamp": 1693598092.6390889, "_runtime": 2.099369764328003, "_step": 1, "accuracy": 0.832, "precision": 0.3333333333333333, "recall": 0.024390243902439025, "f1_score": 0.04545454545454545, "_wandb": {"runtime": 1}}