{"average_train_loss": 0.40930570816758177, "average_valid_loss": 0.4150758128687439, "_timestamp": 1693594442.2266371, "_runtime": 1.761613130569458, "_step": 1, "accuracy": 0.835, "precision": 0.0, "recall": 0.0, "f1_score": 0.0, "_wandb": {"runtime": 0}}