{"average_train_loss": 0.4107586805243274, "average_valid_loss": 0.41837648723891185, "_timestamp": 1693588928.300593, "_runtime": 1.4305379390716553, "_step": 1, "accuracy": 0.836, "precision": 0.0, "recall": 0.0, "f1_score": 0.0, "_wandb": {"runtime": 0}}