{"average_train_loss": 0.3974253793644619, "average_valid_loss": 0.41305379533315306, "_timestamp": 1693511974.1631029, "_runtime": 4.035473823547363, "_step": 0, "_wandb": {"runtime": 3}}