{"average_train_loss": 0.40090309241310995, "average_valid_loss": 0.4135820250995121, "_timestamp": 1693592899.6130261, "_runtime": 1.9275131225585938, "_step": 1, "accuracy": 0.834, "precision": 0.4, "recall": 0.024390243902439025, "f1_score": 0.04597701149425288, "_wandb": {"runtime": 0}}