{"average_train_loss": 0.4223314104871988, "average_valid_loss": 0.4219821867619624, "_timestamp": 1693598002.000452, "_runtime": 1.4303889274597168, "_step": 1, "accuracy": 0.836, "precision": 0.0, "recall": 0.0, "f1_score": 0.0, "_wandb": {"runtime": 0}}