{"average_train_loss": 0.38940330814822505, "average_valid_loss": 0.41403840060909725, "_timestamp": 1693588731.712594, "_runtime": 2.2756640911102295, "_step": 1, "accuracy": 0.834, "precision": 0.42857142857142855, "recall": 0.036585365853658534, "f1_score": 0.06741573033707865, "_wandb": {"runtime": 1}}