{"average_train_loss": 0.39546745036033165, "average_valid_loss": 0.4181063372917528, "_timestamp": 1693595749.065064, "_runtime": 1.8919529914855957, "_step": 1, "accuracy": 0.834, "precision": 0.42857142857142855, "recall": 0.036585365853658534, "f1_score": 0.06741573033707865, "_wandb": {"runtime": 0}}