{"average_train_loss": 0.40232464612328284, "average_valid_loss": 0.4137727283661295, "_timestamp": 1693597275.283669, "_runtime": 2.105947971343994, "_step": 1, "accuracy": 0.834, "precision": 0.3333333333333333, "recall": 0.012195121951219513, "f1_score": 0.023529411764705882, "_wandb": {"runtime": 1}}