{"average_train_loss": 0.40726112617324167, "average_valid_loss": 0.4173244067225197, "_timestamp": 1693595975.0230541, "_runtime": 2.137515068054199, "_step": 1, "accuracy": 0.838, "precision": 0.6, "recall": 0.036585365853658534, "f1_score": 0.06896551724137931, "_wandb": {"runtime": 0}}