{"average_train_loss": 0.3963175091998341, "average_valid_loss": 0.4152100247230934, "_timestamp": 1693595464.263603, "_runtime": 2.039423942565918, "_step": 1, "accuracy": 0.831, "precision": 0.38095238095238093, "recall": 0.04878048780487805, "f1_score": 0.08648648648648649, "_wandb": {"runtime": 1}}