{"average_train_loss": 0.3988825889012245, "average_valid_loss": 0.41449257789236343, "_timestamp": 1693588293.407061, "_runtime": 1.6164801120758057, "_step": 1, "accuracy": 0.836, "precision": 0.5, "recall": 0.03048780487804878, "f1_score": 0.05747126436781609, "_wandb": {"runtime": 0}}