{"average_train_loss": 0.4085808424865103, "average_valid_loss": 0.4177342907411243, "_timestamp": 1693595810.013364, "_runtime": 1.3116199970245361, "_step": 1, "accuracy": 0.837, "precision": 0.5714285714285714, "recall": 0.024390243902439025, "f1_score": 0.04678362573099415, "_wandb": {"runtime": 0}}