{"average_train_loss": 0.391360489459015, "average_valid_loss": 0.41836573773895075, "_timestamp": 1693592505.622315, "_runtime": 3.3465800285339355, "_step": 1, "accuracy": 0.833, "precision": 0.4117647058823529, "recall": 0.042682926829268296, "f1_score": 0.07734806629834254, "_wandb": {"runtime": 2}}