{"average_train_loss": 0.4013571925059116, "average_valid_loss": 0.41634249927385536, "_timestamp": 1693565535.886368, "_runtime": 2.8743879795074463, "_step": 1, "accuracy": 0.834, "precision": 0.375, "recall": 0.018292682926829267, "f1_score": 0.03488372093023255, "_wandb": {"runtime": 2}}