{"average_train_loss": 0.46158808329497697, "average_valid_loss": 0.4587650009784453, "_timestamp": 1693595738.860993, "_runtime": 2.2340168952941895, "_step": 1, "accuracy": 0.836, "precision": 0.0, "recall": 0.0, "f1_score": 0.0, "_wandb": {"runtime": 1}}