{"average_train_loss": 0.394618750051081, "average_valid_loss": 0.4145100405808948, "_timestamp": 1693589016.5570261, "_runtime": 1.723128080368042, "_step": 1, "accuracy": 0.834, "precision": 0.42857142857142855, "recall": 0.036585365853658534, "f1_score": 0.06741573033707865, "_wandb": {"runtime": 0}}