{"average_train_loss": 0.39556870248891063, "average_valid_loss": 0.41395855958415506, "_timestamp": 1693514205.550653, "_runtime": 3.601487874984741, "_step": 0, "_wandb": {"runtime": 0}}