{"average_train_loss": 0.40204477953971957, "average_valid_loss": 0.41477134691973366, "_timestamp": 1693591536.6899421, "_runtime": 2.981102228164673, "_step": 1, "accuracy": 0.832, "precision": 0.25, "recall": 0.012195121951219513, "f1_score": 0.023255813953488372, "_wandb": {"runtime": 1}}