{"average_train_loss": 0.399694351426804, "average_valid_loss": 0.4140558663230909, "_timestamp": 1693592087.0493078, "_runtime": 1.679189920425415, "_step": 1, "accuracy": 0.835, "precision": 0.3333333333333333, "recall": 0.006097560975609756, "f1_score": 0.011976047904191616, "_wandb": {"runtime": 0}}