{"average_train_loss": 0.40215131536824045, "average_valid_loss": 0.4137595132823704, "_timestamp": 1693588220.289493, "_runtime": 1.9137041568756104, "_step": 1, "accuracy": 0.837, "precision": 0.5714285714285714, "recall": 0.024390243902439025, "f1_score": 0.04678362573099415, "_wandb": {"runtime": 1}}