{"average_train_loss": 0.39797535656748306, "average_valid_loss": 0.41866067508928173, "_timestamp": 1693565140.33472, "_runtime": 1.7154748439788818, "_step": 1, "accuracy": 0.832, "precision": 0.35714285714285715, "recall": 0.03048780487804878, "f1_score": 0.05617977528089888, "_wandb": {"runtime": 0}}