{"average_train_loss": 0.39168979616466654, "average_valid_loss": 0.4130902352605975, "_timestamp": 1693588555.159595, "_runtime": 3.5228071212768555, "_step": 1, "accuracy": 0.832, "precision": 0.3333333333333333, "recall": 0.024390243902439025, "f1_score": 0.04545454545454545, "_wandb": {"runtime": 2}}