{"average_train_loss": 0.39381962936904585, "average_valid_loss": 0.41416039398308246, "_timestamp": 1693597902.4321952, "_runtime": 3.260737180709839, "_step": 1, "accuracy": 0.833, "precision": 0.2, "recall": 0.006097560975609756, "f1_score": 0.01183431952662722, "_wandb": {"runtime": 1}}