{"average_train_loss": 0.3969940721124804, "average_valid_loss": 0.4142867165102382, "_timestamp": 1693592637.323833, "_runtime": 2.3705790042877197, "_step": 1, "accuracy": 0.836, "precision": 0.5, "recall": 0.024390243902439025, "f1_score": 0.046511627906976744, "_wandb": {"runtime": 1}}