{"average_train_loss": 0.3985436983533349, "average_valid_loss": 0.41473420688340795, "_timestamp": 1693565110.266401, "_runtime": 4.448637008666992, "_step": 1, "accuracy": 0.835, "precision": 0.45454545454545453, "recall": 0.03048780487804878, "f1_score": 0.05714285714285714, "_wandb": {"runtime": 3}}