{"average_train_loss": 0.39561616408107975, "average_valid_loss": 0.4161645653940291, "_timestamp": 1693592614.746345, "_runtime": 2.0692341327667236, "_step": 1, "accuracy": 0.836, "precision": 0.5, "recall": 0.036585365853658534, "f1_score": 0.06818181818181818, "_wandb": {"runtime": 1}}