{"average_train_loss": 0.39642104571543935, "average_valid_loss": 0.41572863591362047, "_timestamp": 1693512343.7279801, "_runtime": 2.3769662380218506, "_step": 0, "_wandb": {"runtime": 1}}