{"average_train_loss": 0.39317023195268463, "average_valid_loss": 0.4175761247221459, "_timestamp": 1693514319.0354612, "_runtime": 2.725144147872925, "_step": 0, "_wandb": {"runtime": 1}}