{"average_train_loss": 0.39987777587324375, "average_valid_loss": 0.41860209768779755, "_timestamp": 1693514128.383877, "_runtime": 2.480797052383423, "_step": 0, "_wandb": {"runtime": 0}}