{"average_train_loss": 0.3913591339860786, "average_valid_loss": 0.41551209866093236, "_timestamp": 1693564703.080176, "_runtime": 2.7758049964904785, "_step": 1, "accuracy": 0.834, "precision": 0.4444444444444444, "recall": 0.04878048780487805, "f1_score": 0.08791208791208792, "_wandb": {"runtime": 1}}