{"average_train_loss": 0.3989063909202558, "average_valid_loss": 0.4151697285212338, "_timestamp": 1693593076.497449, "_runtime": 1.890556812286377, "_step": 1, "accuracy": 0.834, "precision": 0.375, "recall": 0.018292682926829267, "f1_score": 0.03488372093023255, "_wandb": {"runtime": 1}}