{"average_train_loss": 0.3989025631630982, "average_valid_loss": 0.41553844530097184, "_timestamp": 1693588520.465539, "_runtime": 1.7812130451202393, "_step": 1, "accuracy": 0.835, "precision": 0.4, "recall": 0.012195121951219513, "f1_score": 0.02366863905325444, "_wandb": {"runtime": 0}}