{"average_train_loss": 0.4025897818470056, "average_valid_loss": 0.41545443739564497, "_timestamp": 1693590268.6022341, "_runtime": 1.7409241199493408, "_step": 1, "accuracy": 0.835, "precision": 0.0, "recall": 0.0, "f1_score": 0.0, "_wandb": {"runtime": 0}}