{"average_train_loss": 0.4013208650553043, "average_valid_loss": 0.41762334818426516, "_timestamp": 1693564800.309243, "_runtime": 2.528174877166748, "_step": 1, "accuracy": 0.836, "precision": 0.5, "recall": 0.06097560975609756, "f1_score": 0.10869565217391303, "_wandb": {"runtime": 0}}