{"average_train_loss": 0.3906107798149193, "average_valid_loss": 0.4155588122417142, "_timestamp": 1693514329.3011148, "_runtime": 2.4408047199249268, "_step": 0, "_wandb": {"runtime": 1}}