{"average_train_loss": 0.40889977804185584, "average_valid_loss": 0.4161063808048533, "_timestamp": 1693588417.498485, "_runtime": 2.1342031955718994, "_step": 1, "accuracy": 0.836, "precision": 0.0, "recall": 0.0, "f1_score": 0.0, "_wandb": {"runtime": 0}}