{"average_train_loss": 0.40548722165518974, "average_valid_loss": 0.4159721869066653, "_timestamp": 1693595952.947834, "_runtime": 2.2191410064697266, "_step": 1, "accuracy": 0.835, "precision": 0.3333333333333333, "recall": 0.006097560975609756, "f1_score": 0.011976047904191616, "_wandb": {"runtime": 0}}