{"average_train_loss": 0.3917238320839689, "average_valid_loss": 0.41289653861287295, "_timestamp": 1693592131.800106, "_runtime": 2.904353141784668, "_step": 1, "accuracy": 0.837, "precision": 0.5384615384615384, "recall": 0.042682926829268296, "f1_score": 0.0790960451977401, "_wandb": {"runtime": 1}}