{"average_train_loss": 0.40310382845334874, "average_valid_loss": 0.4175905376893966, "_timestamp": 1693511895.597934, "_runtime": 1.8952109813690186, "_step": 0, "_wandb": {"runtime": 0}}