{"accuracy": 0.827, "_timestamp": 1693506662.276041, "_runtime": 7.368329048156738, "_step": 0, "_wandb": {"runtime": 5}}