{"average_train_loss": 0.4011181301074391, "average_valid_loss": 0.4146637347067068, "_timestamp": 1693592218.821803, "_runtime": 1.8666281700134277, "_step": 1, "accuracy": 0.834, "precision": 0.4166666666666667, "recall": 0.03048780487804878, "f1_score": 0.056818181818181816, "_wandb": {"runtime": 0}}