{"average_train_loss": 0.39944072382517026, "average_valid_loss": 0.4140874851307897, "_timestamp": 1693597178.346924, "_runtime": 2.0882720947265625, "_step": 1, "accuracy": 0.835, "precision": 0.45454545454545453, "recall": 0.03048780487804878, "f1_score": 0.05714285714285714, "_wandb": {"runtime": 1}}