{"average_train_loss": 0.4026044869450804, "average_valid_loss": 0.4151106537829477, "_timestamp": 1693595199.5944698, "_runtime": 1.6662518978118896, "_step": 1, "accuracy": 0.836, "precision": 0.0, "recall": 0.0, "f1_score": 0.0, "_wandb": {"runtime": 0}}