{"average_train_loss": 0.4017499547493406, "average_valid_loss": 0.4135267026288666, "_timestamp": 1693596644.189652, "_runtime": 2.009168863296509, "_step": 1, "accuracy": 0.836, "precision": 0.5, "recall": 0.018292682926829267, "f1_score": 0.03529411764705882, "_wandb": {"runtime": 0}}