{"average_train_loss": 0.39236901777551725, "average_valid_loss": 0.41340261284205304, "_timestamp": 1693593121.165697, "_runtime": 2.330886125564575, "_step": 1, "accuracy": 0.835, "precision": 0.47368421052631576, "recall": 0.054878048780487805, "f1_score": 0.09836065573770493, "_wandb": {"runtime": 1}}