{"average_train_loss": 0.4011846735937815, "average_valid_loss": 0.41810303163223184, "_timestamp": 1693589786.475554, "_runtime": 1.605086088180542, "_step": 1, "accuracy": 0.837, "precision": 0.5454545454545454, "recall": 0.036585365853658534, "f1_score": 0.06857142857142856, "_wandb": {"runtime": 0}}