{"average_train_loss": 0.4022702531886169, "average_valid_loss": 0.4165460680494197, "_timestamp": 1693565617.827552, "_runtime": 1.6061961650848389, "_step": 1, "accuracy": 0.834, "precision": 0.25, "recall": 0.006097560975609756, "f1_score": 0.011904761904761904, "_wandb": {"runtime": 0}}