{"average_train_loss": 0.3891572500040882, "average_valid_loss": 0.41150215147917785, "_timestamp": 1693565779.185994, "_runtime": 2.3388400077819824, "_step": 1, "accuracy": 0.833, "precision": 0.43478260869565216, "recall": 0.06097560975609756, "f1_score": 0.10695187165775401, "_wandb": {"runtime": 1}}