{"average_train_loss": 0.3951426092258263, "average_valid_loss": 0.4128781445895846, "_timestamp": 1693594960.396953, "_runtime": 2.1663851737976074, "_step": 1, "accuracy": 0.833, "precision": 0.36363636363636365, "recall": 0.024390243902439025, "f1_score": 0.04571428571428571, "_wandb": {"runtime": 0}}