{"average_train_loss": 0.39771654977249626, "average_valid_loss": 0.41826705020571453, "_timestamp": 1693596893.684101, "_runtime": 1.7028532028198242, "_step": 1, "accuracy": 0.832, "precision": 0.375, "recall": 0.036585365853658534, "f1_score": 0.06666666666666667, "_wandb": {"runtime": 0}}