{"average_train_loss": 0.39795353133824096, "average_valid_loss": 0.41457385382655243, "_timestamp": 1693596323.615646, "_runtime": 1.7265357971191406, "_step": 1, "accuracy": 0.833, "precision": 0.3333333333333333, "recall": 0.018292682926829267, "f1_score": 0.03468208092485549, "_wandb": {"runtime": 0}}