{"average_train_loss": 0.40230518627408013, "average_valid_loss": 0.4164113822625861, "_timestamp": 1693594160.346385, "_runtime": 1.9347500801086426, "_step": 1, "accuracy": 0.837, "precision": 1.0, "recall": 0.006097560975609756, "f1_score": 0.012121212121212121, "_wandb": {"runtime": 0}}