{"average_train_loss": 0.3917350726569406, "average_valid_loss": 0.4141660719681889, "_timestamp": 1693596905.9083562, "_runtime": 2.4501051902770996, "_step": 1, "accuracy": 0.834, "precision": 0.4375, "recall": 0.042682926829268296, "f1_score": 0.07777777777777779, "_wandb": {"runtime": 1}}