{"average_train_loss": 0.4083661432422602, "average_valid_loss": 0.4199851385942196, "_timestamp": 1693592786.8642418, "_runtime": 1.449333906173706, "_step": 1, "accuracy": 0.835, "precision": 0.3333333333333333, "recall": 0.006097560975609756, "f1_score": 0.011976047904191616, "_wandb": {"runtime": 0}}