{"average_train_loss": 0.40486443998916094, "average_valid_loss": 0.4153594296893159, "_timestamp": 1693565061.146891, "_runtime": 1.3724122047424316, "_step": 1, "accuracy": 0.831, "precision": 0.3684210526315789, "recall": 0.042682926829268296, "f1_score": 0.07650273224043717, "_wandb": {"runtime": 0}}