{"average_train_loss": 0.40086022813653355, "average_valid_loss": 0.41472440314694997, "_timestamp": 1693595186.727576, "_runtime": 1.4752380847930908, "_step": 1, "accuracy": 0.838, "precision": 0.6, "recall": 0.036585365853658534, "f1_score": 0.06896551724137931, "_wandb": {"runtime": 0}}