{"average_train_loss": 0.3996415595880178, "average_valid_loss": 0.415677904365589, "_timestamp": 1693589927.0191271, "_runtime": 1.8311471939086914, "_step": 1, "accuracy": 0.835, "precision": 0.42857142857142855, "recall": 0.018292682926829267, "f1_score": 0.03508771929824561, "_wandb": {"runtime": 0}}