{"average_train_loss": 0.39729989727516646, "average_valid_loss": 0.41380036341953425, "_timestamp": 1693589007.583348, "_runtime": 3.683279037475586, "_step": 1, "accuracy": 0.838, "precision": 0.6, "recall": 0.036585365853658534, "f1_score": 0.06896551724137931, "_wandb": {"runtime": 2}}