{"average_train_loss": 0.3903082481522634, "average_valid_loss": 0.41454455117113337, "_timestamp": 1693589745.964546, "_runtime": 2.1466798782348633, "_step": 1, "accuracy": 0.835, "precision": 0.4666666666666667, "recall": 0.042682926829268296, "f1_score": 0.0782122905027933, "_wandb": {"runtime": 1}}