{"average_train_loss": 0.3964851691303163, "average_valid_loss": 0.4140030381023113, "_timestamp": 1693594983.8286169, "_runtime": 3.0837907791137695, "_step": 1, "accuracy": 0.835, "precision": 0.4444444444444444, "recall": 0.024390243902439025, "f1_score": 0.046242774566473986, "_wandb": {"runtime": 1}}