{"average_train_loss": 0.3984068179181909, "average_valid_loss": 0.41623598253295446, "_timestamp": 1693596125.408512, "_runtime": 1.7865722179412842, "_step": 1, "accuracy": 0.831, "precision": 0.391304347826087, "recall": 0.054878048780487805, "f1_score": 0.09625668449197862, "_wandb": {"runtime": 0}}