{"average_train_loss": 0.4031027093141747, "average_valid_loss": 0.41426224392949473, "_timestamp": 1693565590.414158, "_runtime": 1.726741075515747, "_step": 1, "accuracy": 0.835, "precision": 0.3333333333333333, "recall": 0.006097560975609756, "f1_score": 0.011976047904191616, "_wandb": {"runtime": 0}}