{"average_train_loss": 0.3965945589995281, "average_valid_loss": 0.414898630008641, "_timestamp": 1693588543.966083, "_runtime": 2.8953590393066406, "_step": 1, "accuracy": 0.833, "precision": 0.2, "recall": 0.006097560975609756, "f1_score": 0.01183431952662722, "_wandb": {"runtime": 0}}