{"average_train_loss": 0.4151059370628105, "average_valid_loss": 0.41940079709890815, "_timestamp": 1693588814.5545752, "_runtime": 1.9056072235107422, "_step": 1, "accuracy": 0.836, "precision": 0.0, "recall": 0.0, "f1_score": 0.0, "_wandb": {"runtime": 1}}