{"average_train_loss": 0.3975575789819344, "average_valid_loss": 0.416060810024129, "_timestamp": 1693593499.182378, "_runtime": 1.568312168121338, "_step": 1, "accuracy": 0.835, "precision": 0.42857142857142855, "recall": 0.018292682926829267, "f1_score": 0.03508771929824561, "_wandb": {"runtime": 0}}