{"average_train_loss": 0.40220669481771565, "average_valid_loss": 0.415479592435806, "_timestamp": 1693588792.797555, "_runtime": 1.8448960781097412, "_step": 1, "accuracy": 0.835, "precision": 0.0, "recall": 0.0, "f1_score": 0.0, "_wandb": {"runtime": 0}}