{"average_train_loss": 0.4005023959706577, "average_valid_loss": 0.4164098085121363, "_timestamp": 1693564827.9586198, "_runtime": 1.3229949474334717, "_step": 1, "accuracy": 0.836, "precision": 0.5, "recall": 0.036585365853658534, "f1_score": 0.06818181818181818, "_wandb": {"runtime": 0}}