{"average_train_loss": 0.3962071895899314, "average_valid_loss": 0.41486234480069983, "_timestamp": 1693594540.583622, "_runtime": 1.6905720233917236, "_step": 1, "accuracy": 0.832, "precision": 0.3888888888888889, "recall": 0.042682926829268296, "f1_score": 0.07692307692307693, "_wandb": {"runtime": 0}}