{"average_train_loss": 0.39551254153465754, "average_valid_loss": 0.41636872348077425, "_timestamp": 1693598014.5201762, "_runtime": 2.684072256088257, "_step": 1, "accuracy": 0.832, "precision": 0.4090909090909091, "recall": 0.054878048780487805, "f1_score": 0.09677419354838711, "_wandb": {"runtime": 1}}