{"average_train_loss": 0.4011787037824342, "average_valid_loss": 0.41472347459499564, "_timestamp": 1693597145.150451, "_runtime": 2.620645046234131, "_step": 1, "accuracy": 0.836, "precision": 0.5, "recall": 0.012195121951219513, "f1_score": 0.023809523809523808, "_wandb": {"runtime": 0}}