{"average_train_loss": 0.40118287939164443, "average_valid_loss": 0.41471772555466496, "_timestamp": 1693589691.199587, "_runtime": 2.224074125289917, "_step": 1, "accuracy": 0.833, "precision": 0.3333333333333333, "recall": 0.018292682926829267, "f1_score": 0.03468208092485549, "_wandb": {"runtime": 1}}