{"average_train_loss": 0.40252570072892413, "average_valid_loss": 0.4166190403949952, "_timestamp": 1693598132.118571, "_runtime": 1.7358081340789795, "_step": 1, "accuracy": 0.835, "precision": 0.4444444444444444, "recall": 0.024390243902439025, "f1_score": 0.046242774566473986, "_wandb": {"runtime": 0}}