{"average_train_loss": 0.3927010280604252, "average_valid_loss": 0.413888015908929, "_timestamp": 1693512124.9039109, "_runtime": 6.492775917053223, "_step": 0, "_wandb": {"runtime": 5}}