{"average_train_loss": 0.39354656803813576, "average_valid_loss": 0.4131835959255684, "_timestamp": 1693592776.0166059, "_runtime": 1.8140227794647217, "_step": 1, "accuracy": 0.837, "precision": 0.5384615384615384, "recall": 0.042682926829268296, "f1_score": 0.0790960451977401, "_wandb": {"runtime": 0}}