{"average_train_loss": 0.3933913850522837, "average_valid_loss": 0.4144624932790693, "_timestamp": 1693589542.9928262, "_runtime": 1.672375202178955, "_step": 1, "accuracy": 0.837, "precision": 0.5294117647058824, "recall": 0.054878048780487805, "f1_score": 0.09944751381215469, "_wandb": {"runtime": 0}}