{"average_train_loss": 0.39871173876979255, "average_valid_loss": 0.4145109330236514, "_timestamp": 1693594137.767425, "_runtime": 1.557008981704712, "_step": 1, "accuracy": 0.835, "precision": 0.3333333333333333, "recall": 0.006097560975609756, "f1_score": 0.011976047904191616, "_wandb": {"runtime": 0}}