{"average_train_loss": 0.39869013907534434, "average_valid_loss": 0.4133512821984258, "_timestamp": 1693592987.273022, "_runtime": 1.8033888339996338, "_step": 1, "accuracy": 0.836, "precision": 0.5, "recall": 0.042682926829268296, "f1_score": 0.07865168539325842, "_wandb": {"runtime": 0}}