{"average_train_loss": 0.40057947059286075, "average_valid_loss": 0.415238287511443, "_timestamp": 1693589050.312172, "_runtime": 1.572429895401001, "_step": 1, "accuracy": 0.833, "precision": 0.2, "recall": 0.006097560975609756, "f1_score": 0.01183431952662722, "_wandb": {"runtime": 0}}