{"average_train_loss": 0.40558616254244273, "average_valid_loss": 0.41567152472645635, "_timestamp": 1693594278.357478, "_runtime": 1.4718079566955566, "_step": 1, "accuracy": 0.836, "precision": 0.0, "recall": 0.0, "f1_score": 0.0, "_wandb": {"runtime": 0}}