{"average_train_loss": 0.40291831384795335, "average_valid_loss": 0.4161313959976674, "_timestamp": 1693564782.223407, "_runtime": 5.641657114028931, "_step": 1, "accuracy": 0.835, "precision": 0.42857142857142855, "recall": 0.018292682926829267, "f1_score": 0.03508771929824561, "_wandb": {"runtime": 4}}