{"average_train_loss": 0.39520367161019465, "average_valid_loss": 0.41409169486671216, "_timestamp": 1693597028.714632, "_runtime": 2.734405994415283, "_step": 1, "accuracy": 0.833, "precision": 0.42105263157894735, "recall": 0.04878048780487805, "f1_score": 0.08743169398907104, "_wandb": {"runtime": 1}}