{"average_train_loss": 0.4019243619560504, "average_valid_loss": 0.4157604284245979, "_timestamp": 1693589341.827894, "_runtime": 1.5768280029296875, "_step": 1, "accuracy": 0.836, "precision": 0.0, "recall": 0.0, "f1_score": 0.0, "_wandb": {"runtime": 0}}