{"average_train_loss": 0.40295857469201757, "average_valid_loss": 0.41413113294999343, "_timestamp": 1693589028.08868, "_runtime": 1.7994771003723145, "_step": 1, "accuracy": 0.838, "precision": 0.6666666666666666, "recall": 0.024390243902439025, "f1_score": 0.047058823529411764, "_wandb": {"runtime": 0}}