{"average_train_loss": 0.40171618865006165, "average_valid_loss": 0.41693851297278606, "_timestamp": 1693592004.971554, "_runtime": 1.5202350616455078, "_step": 1, "accuracy": 0.835, "precision": 0.4, "recall": 0.012195121951219513, "f1_score": 0.02366863905325444, "_wandb": {"runtime": 0}}