{"average_train_loss": 0.39976305853242083, "average_valid_loss": 0.41677972320867934, "_timestamp": 1693595177.238258, "_runtime": 2.512002944946289, "_step": 1, "accuracy": 0.837, "precision": 0.6, "recall": 0.018292682926829267, "f1_score": 0.03550295857988166, "_wandb": {"runtime": 0}}