{"average_train_loss": 0.39238816714710945, "average_valid_loss": 0.4149998873839117, "_timestamp": 1693598184.8099442, "_runtime": 4.346781253814697, "_step": 1, "accuracy": 0.837, "precision": 0.5454545454545454, "recall": 0.036585365853658534, "f1_score": 0.06857142857142856, "_wandb": {"runtime": 2}}