{"average_train_loss": 0.4000580044839272, "average_valid_loss": 0.41518697465856713, "_timestamp": 1693594322.491877, "_runtime": 1.5521271228790283, "_step": 1, "accuracy": 0.835, "precision": 0.4666666666666667, "recall": 0.042682926829268296, "f1_score": 0.0782122905027933, "_wandb": {"runtime": 0}}