{"average_train_loss": 0.4043322909163643, "average_valid_loss": 0.41414881726325625, "_timestamp": 1693592141.375305, "_runtime": 1.7840759754180908, "_step": 1, "accuracy": 0.836, "precision": 0.0, "recall": 0.0, "f1_score": 0.0, "_wandb": {"runtime": 0}}