{"average_train_loss": 0.39656029703054263, "average_valid_loss": 0.4136128167721557, "_timestamp": 1693593258.6289558, "_runtime": 1.673696756362915, "_step": 1, "accuracy": 0.835, "precision": 0.4444444444444444, "recall": 0.024390243902439025, "f1_score": 0.046242774566473986, "_wandb": {"runtime": 0}}