{"average_train_loss": 0.4020114365051723, "average_valid_loss": 0.4147449300391362, "_timestamp": 1693597636.889718, "_runtime": 2.563900947570801, "_step": 1, "accuracy": 0.834, "precision": 0.25, "recall": 0.006097560975609756, "f1_score": 0.011904761904761904, "_wandb": {"runtime": 1}}