{"average_train_loss": 0.3990634274004735, "average_valid_loss": 0.41452486914080405, "_timestamp": 1693596361.727628, "_runtime": 2.171597957611084, "_step": 1, "accuracy": 0.836, "precision": 0.5, "recall": 0.024390243902439025, "f1_score": 0.046511627906976744, "_wandb": {"runtime": 1}}