{"average_train_loss": 0.4015341770943712, "average_valid_loss": 0.4157841275135551, "_timestamp": 1693565701.4252732, "_runtime": 1.4972352981567383, "_step": 1, "accuracy": 0.834, "precision": 0.375, "recall": 0.018292682926829267, "f1_score": 0.03488372093023255, "_wandb": {"runtime": 0}}