{"average_train_loss": 0.4033963349891766, "average_valid_loss": 0.42046299140028376, "_timestamp": 1693565206.5313122, "_runtime": 2.162257194519043, "_step": 1, "accuracy": 0.833, "precision": 0.2857142857142857, "recall": 0.012195121951219513, "f1_score": 0.023391812865497075, "_wandb": {"runtime": 1}}