{"average_train_loss": 0.3942592354554341, "average_valid_loss": 0.413542447926671, "_timestamp": 1693593522.4366112, "_runtime": 2.6351752281188965, "_step": 1, "accuracy": 0.833, "precision": 0.38461538461538464, "recall": 0.03048780487804878, "f1_score": 0.056497175141242945, "_wandb": {"runtime": 1}}