{"average_train_loss": 0.4067222295152323, "average_valid_loss": 0.4163924690862653, "_timestamp": 1693595594.559634, "_runtime": 1.5948119163513184, "_step": 1, "accuracy": 0.836, "precision": 0.5, "recall": 0.006097560975609756, "f1_score": 0.012048192771084338, "_wandb": {"runtime": 0}}