{"average_train_loss": 0.3980918593355183, "average_valid_loss": 0.4144737027716152, "_timestamp": 1693592447.873297, "_runtime": 1.9141569137573242, "_step": 1, "accuracy": 0.833, "precision": 0.3333333333333333, "recall": 0.018292682926829267, "f1_score": 0.03468208092485549, "_wandb": {"runtime": 0}}