{"average_train_loss": 0.39708212658347986, "average_valid_loss": 0.4140472103779082, "_timestamp": 1693595386.238868, "_runtime": 1.8207480907440186, "_step": 1, "accuracy": 0.836, "precision": 0.5, "recall": 0.04878048780487805, "f1_score": 0.08888888888888888, "_wandb": {"runtime": 0}}