{"average_train_loss": 0.40449234804272227, "average_valid_loss": 0.41625212026405906, "_timestamp": 1693597947.862586, "_runtime": 2.34086012840271, "_step": 1, "accuracy": 0.836, "precision": 0.5, "recall": 0.024390243902439025, "f1_score": 0.046511627906976744, "_wandb": {"runtime": 0}}