{"average_train_loss": 0.4006113520234394, "average_valid_loss": 0.41699954066442557, "_timestamp": 1693588465.453332, "_runtime": 1.669663906097412, "_step": 1, "accuracy": 0.832, "precision": 0.3333333333333333, "recall": 0.024390243902439025, "f1_score": 0.04545454545454545, "_wandb": {"runtime": 0}}