{"average_train_loss": 0.39814977347403124, "average_valid_loss": 0.41503975664880416, "_timestamp": 1693565151.6092858, "_runtime": 1.7759449481964111, "_step": 1, "accuracy": 0.835, "precision": 0.46153846153846156, "recall": 0.036585365853658534, "f1_score": 0.06779661016949153, "_wandb": {"runtime": 0}}