{"average_train_loss": 0.3961301675917398, "average_valid_loss": 0.4134799034288728, "_timestamp": 1693597969.276007, "_runtime": 2.305837869644165, "_step": 1, "accuracy": 0.835, "precision": 0.45454545454545453, "recall": 0.03048780487804878, "f1_score": 0.05714285714285714, "_wandb": {"runtime": 1}}