{"average_train_loss": 0.3994066307770424, "average_valid_loss": 0.4134153582246885, "_timestamp": 1693591622.957439, "_runtime": 1.5981628894805908, "_step": 1, "accuracy": 0.837, "precision": 0.5333333333333333, "recall": 0.04878048780487805, "f1_score": 0.08938547486033518, "_wandb": {"runtime": 0}}