{"average_train_loss": 0.3988763854539233, "average_valid_loss": 0.4157763368485382, "_timestamp": 1693564906.0460641, "_runtime": 6.217686176300049, "_step": 1, "accuracy": 0.834, "precision": 0.4, "recall": 0.024390243902439025, "f1_score": 0.04597701149425288, "_wandb": {"runtime": 5}}