{"average_train_loss": 0.4033852963263374, "average_valid_loss": 0.41566340998639406, "_timestamp": 1693592347.773404, "_runtime": 1.8520867824554443, "_step": 1, "accuracy": 0.834, "precision": 0.25, "recall": 0.006097560975609756, "f1_score": 0.011904761904761904, "_wandb": {"runtime": 0}}