{"average_train_loss": 0.40265189106428523, "average_valid_loss": 0.41724659964858124, "_timestamp": 1693514117.510541, "_runtime": 1.9473228454589844, "_step": 0, "_wandb": {"runtime": 0}}