{"average_train_loss": 0.3934075169529156, "average_valid_loss": 0.4140273573980975, "_timestamp": 1693512002.145636, "_runtime": 4.731764078140259, "_step": 0, "_wandb": {"runtime": 3}}