{"average_train_loss": 0.40664523115843115, "average_valid_loss": 0.4181254105738026, "_timestamp": 1693512225.335936, "_runtime": 11.308870077133179, "_step": 0, "_wandb": {"runtime": 10}}