{"average_train_loss": 0.39372565586989566, "average_valid_loss": 0.4150774631416971, "_timestamp": 1693590215.207732, "_runtime": 2.548609972000122, "_step": 1, "accuracy": 0.833, "precision": 0.4117647058823529, "recall": 0.042682926829268296, "f1_score": 0.07734806629834254, "_wandb": {"runtime": 1}}