{"average_train_loss": 0.4037096474145513, "average_valid_loss": 0.4154554476531705, "_timestamp": 1693590542.060666, "_runtime": 1.5441551208496094, "_step": 1, "accuracy": 0.839, "precision": 0.8, "recall": 0.024390243902439025, "f1_score": 0.04733727810650888, "_wandb": {"runtime": 0}}