{"average_train_loss": 0.39872917677935465, "average_valid_loss": 0.4142641866909942, "_timestamp": 1693592475.7143931, "_runtime": 1.8829121589660645, "_step": 1, "accuracy": 0.834, "precision": 0.42857142857142855, "recall": 0.036585365853658534, "f1_score": 0.06741573033707865, "_wandb": {"runtime": 0}}