{"average_train_loss": 0.3964124057639392, "average_valid_loss": 0.41451249633201276, "_timestamp": 1693597847.829056, "_runtime": 2.7844040393829346, "_step": 1, "accuracy": 0.833, "precision": 0.4, "recall": 0.036585365853658534, "f1_score": 0.0670391061452514, "_wandb": {"runtime": 1}}