{"average_train_loss": 0.40218879922210804, "average_valid_loss": 0.41458091312668854, "_timestamp": 1693591833.400428, "_runtime": 1.609184980392456, "_step": 1, "accuracy": 0.835, "precision": 0.42857142857142855, "recall": 0.018292682926829267, "f1_score": 0.03508771929824561, "_wandb": {"runtime": 0}}