{"average_train_loss": 0.3853680481068011, "average_valid_loss": 0.4145150589910571, "_timestamp": 1693595835.716778, "_runtime": 5.670598983764648, "_step": 1, "accuracy": 0.836, "precision": 0.5, "recall": 0.054878048780487805, "f1_score": 0.0989010989010989, "_wandb": {"runtime": 1}}