{"average_train_loss": 0.40477892913856206, "average_valid_loss": 0.4156357533121128, "_timestamp": 1693590587.6728919, "_runtime": 1.5791897773742676, "_step": 1, "accuracy": 0.836, "precision": 0.0, "recall": 0.0, "f1_score": 0.0, "_wandb": {"runtime": 0}}