{"average_train_loss": 0.3999335227942759, "average_valid_loss": 0.41508551128771404, "_timestamp": 1693512169.0285041, "_runtime": 12.861632108688354, "_step": 0, "_wandb": {"runtime": 11}}