{"average_train_loss": 0.4114697176017903, "average_valid_loss": 0.4172570999984448, "_timestamp": 1693592269.837182, "_runtime": 1.179711103439331, "_step": 1, "accuracy": 0.836, "precision": 0.0, "recall": 0.0, "f1_score": 0.0, "_wandb": {"runtime": 0}}