{"average_train_loss": 0.3971188070899657, "average_valid_loss": 0.4144069833846006, "_timestamp": 1693594586.195643, "_runtime": 2.0452070236206055, "_step": 1, "accuracy": 0.837, "precision": 0.5384615384615384, "recall": 0.042682926829268296, "f1_score": 0.0790960451977401, "_wandb": {"runtime": 0}}