{"average_train_loss": 0.399881247874643, "average_valid_loss": 0.4153389373900254, "_timestamp": 1693595799.233829, "_runtime": 2.4793989658355713, "_step": 1, "accuracy": 0.835, "precision": 0.42857142857142855, "recall": 0.018292682926829267, "f1_score": 0.03508771929824561, "_wandb": {"runtime": 1}}