{"average_train_loss": 0.40228364365503555, "average_valid_loss": 0.4142213810180755, "_timestamp": 1693592854.859475, "_runtime": 1.5870327949523926, "_step": 1, "accuracy": 0.834, "precision": 0.4375, "recall": 0.042682926829268296, "f1_score": 0.07777777777777779, "_wandb": {"runtime": 0}}