{"average_train_loss": 0.3968078755446243, "average_valid_loss": 0.4146660301427521, "_timestamp": 1693594758.548345, "_runtime": 2.834069013595581, "_step": 1, "accuracy": 0.834, "precision": 0.4166666666666667, "recall": 0.03048780487804878, "f1_score": 0.056818181818181816, "_wandb": {"runtime": 0}}