{"average_train_loss": 0.3964091558286103, "average_valid_loss": 0.41577718773486255, "_timestamp": 1693596927.317879, "_runtime": 1.8061978816986084, "_step": 1, "accuracy": 0.831, "precision": 0.3333333333333333, "recall": 0.03048780487804878, "f1_score": 0.0558659217877095, "_wandb": {"runtime": 0}}