{"average_train_loss": 0.39568724613075845, "average_valid_loss": 0.41410374680700823, "_timestamp": 1693595776.147994, "_runtime": 6.47511100769043, "_step": 1, "accuracy": 0.833, "precision": 0.38461538461538464, "recall": 0.03048780487804878, "f1_score": 0.056497175141242945, "_wandb": {"runtime": 5}}