{"average_train_loss": 0.40224905543140127, "average_valid_loss": 0.4144753811038871, "_timestamp": 1693589662.358309, "_runtime": 1.879526138305664, "_step": 1, "accuracy": 0.839, "precision": 0.6363636363636364, "recall": 0.042682926829268296, "f1_score": 0.08, "_wandb": {"runtime": 0}}