{"average_train_loss": 0.400356168390487, "average_valid_loss": 0.41404869035608166, "_timestamp": 1693594171.2606232, "_runtime": 1.7847232818603516, "_step": 1, "accuracy": 0.835, "precision": 0.45454545454545453, "recall": 0.03048780487804878, "f1_score": 0.05714285714285714, "_wandb": {"runtime": 0}}