{"average_train_loss": 0.40004845978323067, "average_valid_loss": 0.41232488646152193, "_timestamp": 1693597924.506801, "_runtime": 4.187747001647949, "_step": 1, "accuracy": 0.836, "precision": 0.5, "recall": 0.036585365853658534, "f1_score": 0.06818181818181818, "_wandb": {"runtime": 1}}