{"average_train_loss": 0.3977357602322942, "average_valid_loss": 0.414905154177591, "_timestamp": 1693595963.075478, "_runtime": 1.4018051624298096, "_step": 1, "accuracy": 0.834, "precision": 0.45, "recall": 0.054878048780487805, "f1_score": 0.09782608695652174, "_wandb": {"runtime": 0}}