{"average_train_loss": 0.39467372694361996, "average_valid_loss": 0.41881085911187815, "_timestamp": 1693592292.8864279, "_runtime": 1.8576347827911377, "_step": 1, "accuracy": 0.833, "precision": 0.4117647058823529, "recall": 0.042682926829268296, "f1_score": 0.07734806629834254, "_wandb": {"runtime": 0}}