{"average_train_loss": 0.39690894754171746, "average_valid_loss": 0.41528616088071213, "_timestamp": 1693594794.426199, "_runtime": 4.7701098918914795, "_step": 1, "accuracy": 0.837, "precision": 0.5333333333333333, "recall": 0.04878048780487805, "f1_score": 0.08938547486033518, "_wandb": {"runtime": 1}}