{"average_train_loss": 0.4000307306297345, "average_valid_loss": 0.41415210949597847, "_timestamp": 1693591665.7126021, "_runtime": 1.4895410537719727, "_step": 1, "accuracy": 0.835, "precision": 0.4666666666666667, "recall": 0.042682926829268296, "f1_score": 0.0782122905027933, "_wandb": {"runtime": 0}}