{"average_train_loss": 0.4015949387777877, "average_valid_loss": 0.41594361959898696, "_timestamp": 1693594290.1948311, "_runtime": 2.179502248764038, "_step": 1, "accuracy": 0.834, "precision": 0.4166666666666667, "recall": 0.03048780487804878, "f1_score": 0.056818181818181816, "_wandb": {"runtime": 1}}