{"average_train_loss": 0.3964376326918718, "average_valid_loss": 0.41313167075741386, "_timestamp": 1693597659.255543, "_runtime": 2.3475708961486816, "_step": 1, "accuracy": 0.838, "precision": 0.6, "recall": 0.036585365853658534, "f1_score": 0.06896551724137931, "_wandb": {"runtime": 1}}