{"average_train_loss": 0.3976096432244568, "average_valid_loss": 0.4145003536809329, "_timestamp": 1693597482.010914, "_runtime": 3.504918098449707, "_step": 1, "accuracy": 0.836, "precision": 0.5, "recall": 0.042682926829268296, "f1_score": 0.07865168539325842, "_wandb": {"runtime": 0}}