{"average_train_loss": 0.3958018605194086, "average_valid_loss": 0.4142948696464515, "_timestamp": 1693593542.972033, "_runtime": 1.6721041202545166, "_step": 1, "accuracy": 0.832, "precision": 0.25, "recall": 0.012195121951219513, "f1_score": 0.023255813953488372, "_wandb": {"runtime": 0}}