{"average_train_loss": 0.4004112851175116, "average_valid_loss": 0.41439749513300617, "_timestamp": 1693592910.8265312, "_runtime": 1.9392311573028564, "_step": 1, "accuracy": 0.835, "precision": 0.42857142857142855, "recall": 0.018292682926829267, "f1_score": 0.03508771929824561, "_wandb": {"runtime": 1}}