{"acc": 0.7743429332057368, "loss": 0.1514372279561219, "_timestamp": 1693505706.873885, "_runtime": 4.84738302230835, "_step": 7, "_wandb": {"runtime": 0}}