{"average_train_loss": 0.3991012306436395, "average_valid_loss": 0.41617793299710376, "_timestamp": 1693514107.5098188, "_runtime": 2.6581318378448486, "_step": 0, "_wandb": {"runtime": 0}}