{"average_train_loss": 0.40170078705115314, "average_valid_loss": 0.4171638121316796, "_timestamp": 1693514307.216995, "_runtime": 2.2523601055145264, "_step": 0, "_wandb": {"runtime": 0}}