{"average_train_loss": 0.3955585673544155, "average_valid_loss": 0.4138676519203077, "_timestamp": 1693595920.573205, "_runtime": 2.349092960357666, "_step": 1, "accuracy": 0.836, "precision": 0.5, "recall": 0.04878048780487805, "f1_score": 0.08888888888888888, "_wandb": {"runtime": 1}}