{"average_train_loss": 0.39913803521997293, "average_valid_loss": 0.41326707068676416, "_timestamp": 1693589632.870752, "_runtime": 1.5327630043029785, "_step": 1, "accuracy": 0.836, "precision": 0.5, "recall": 0.018292682926829267, "f1_score": 0.03529411764705882, "_wandb": {"runtime": 0}}