{"average_train_loss": 0.3991209842471048, "average_valid_loss": 0.41481323648512874, "_timestamp": 1693593335.9027882, "_runtime": 2.1400561332702637, "_step": 1, "accuracy": 0.836, "precision": 0.0, "recall": 0.0, "f1_score": 0.0, "_wandb": {"runtime": 1}}