{"average_train_loss": 0.3992721835347904, "average_valid_loss": 0.41617917556759476, "_timestamp": 1693593760.819459, "_runtime": 1.8315420150756836, "_step": 1, "accuracy": 0.832, "precision": 0.35714285714285715, "recall": 0.03048780487804878, "f1_score": 0.05617977528089888, "_wandb": {"runtime": 0}}