{"average_train_loss": 0.387842947293416, "average_valid_loss": 0.41345580591345593, "_timestamp": 1693565331.93605, "_runtime": 1.8645000457763672, "_step": 1, "accuracy": 0.833, "precision": 0.4117647058823529, "recall": 0.042682926829268296, "f1_score": 0.07734806629834254, "_wandb": {"runtime": 1}}