{"average_train_loss": 0.3928161025299759, "average_valid_loss": 0.4143140555742151, "_timestamp": 1693595998.5320761, "_runtime": 2.1704800128936768, "_step": 1, "accuracy": 0.833, "precision": 0.36363636363636365, "recall": 0.024390243902439025, "f1_score": 0.04571428571428571, "_wandb": {"runtime": 1}}