{"average_train_loss": 0.39483613906808485, "average_valid_loss": 0.41328436536394847, "_timestamp": 1693590662.565999, "_runtime": 2.299816131591797, "_step": 1, "accuracy": 0.836, "precision": 0.5, "recall": 0.036585365853658534, "f1_score": 0.06818181818181818, "_wandb": {"runtime": 1}}