{"average_train_loss": 0.39884459901832203, "average_valid_loss": 0.4164130673234547, "_timestamp": 1693589970.2468858, "_runtime": 1.3529648780822754, "_step": 1, "accuracy": 0.83, "precision": 0.2857142857142857, "recall": 0.024390243902439025, "f1_score": 0.0449438202247191, "_wandb": {"runtime": 0}}