{"average_train_loss": 0.3916552203513384, "average_valid_loss": 0.4117396423999153, "_timestamp": 1693598027.1307662, "_runtime": 2.517874240875244, "_step": 1, "accuracy": 0.833, "precision": 0.4117647058823529, "recall": 0.042682926829268296, "f1_score": 0.07734806629834254, "_wandb": {"runtime": 1}}