{"average_train_loss": 0.3988427873300817, "average_valid_loss": 0.41428233311334894, "_timestamp": 1693592326.66104, "_runtime": 2.287835121154785, "_step": 1, "accuracy": 0.835, "precision": 0.42857142857142855, "recall": 0.018292682926829267, "f1_score": 0.03508771929824561, "_wandb": {"runtime": 1}}