{"average_train_loss": 0.39814368796277244, "average_valid_loss": 0.4137203038082036, "_timestamp": 1693597253.931514, "_runtime": 2.044917106628418, "_step": 1, "accuracy": 0.835, "precision": 0.45454545454545453, "recall": 0.03048780487804878, "f1_score": 0.05714285714285714, "_wandb": {"runtime": 1}}