{"average_train_loss": 0.4015891253352177, "average_valid_loss": 0.41615136589369384, "_timestamp": 1693514296.0575502, "_runtime": 1.6688621044158936, "_step": 0, "_wandb": {"runtime": 0}}