{"average_train_loss": 0.3944818508099041, "average_valid_loss": 0.41378777122685956, "_timestamp": 1693590081.7410681, "_runtime": 1.8035311698913574, "_step": 1, "accuracy": 0.837, "precision": 0.5384615384615384, "recall": 0.042682926829268296, "f1_score": 0.0790960451977401, "_wandb": {"runtime": 0}}