{"average_train_loss": 0.39978122996788057, "average_valid_loss": 0.4143394206672915, "_timestamp": 1693590553.554807, "_runtime": 1.5881588459014893, "_step": 1, "accuracy": 0.836, "precision": 0.5, "recall": 0.036585365853658534, "f1_score": 0.06818181818181818, "_wandb": {"runtime": 0}}