{"average_train_loss": 0.39652909568668143, "average_valid_loss": 0.4144584175686625, "_timestamp": 1693592119.714765, "_runtime": 2.051650047302246, "_step": 1, "accuracy": 0.835, "precision": 0.47058823529411764, "recall": 0.04878048780487805, "f1_score": 0.08839779005524862, "_wandb": {"runtime": 1}}