{"average_train_loss": 0.4002923126109185, "average_valid_loss": 0.41432596196063914, "_timestamp": 1693596279.9534342, "_runtime": 2.2076683044433594, "_step": 1, "accuracy": 0.835, "precision": 0.4444444444444444, "recall": 0.024390243902439025, "f1_score": 0.046242774566473986, "_wandb": {"runtime": 1}}