{"average_train_loss": 0.4024908608084932, "average_valid_loss": 0.4150177401166773, "_timestamp": 1693593532.032884, "_runtime": 1.7757689952850342, "_step": 1, "accuracy": 0.835, "precision": 0.45454545454545453, "recall": 0.03048780487804878, "f1_score": 0.05714285714285714, "_wandb": {"runtime": 0}}