{"average_train_loss": 0.40518368486407724, "average_valid_loss": 0.4151564832553177, "_timestamp": 1693514072.561723, "_runtime": 1.5229730606079102, "_step": 0, "_wandb": {"runtime": 0}}