{"average_train_loss": 0.3950809604255128, "average_valid_loss": 0.41646941654415565, "_timestamp": 1693594810.4050791, "_runtime": 4.820919036865234, "_step": 1, "accuracy": 0.834, "precision": 0.45, "recall": 0.054878048780487805, "f1_score": 0.09782608695652174, "_wandb": {"runtime": 0}}