{"average_train_loss": 0.39317003437146925, "average_valid_loss": 0.4157025319778752, "_timestamp": 1693597776.2956018, "_runtime": 3.0021097660064697, "_step": 1, "accuracy": 0.837, "precision": 0.5294117647058824, "recall": 0.054878048780487805, "f1_score": 0.09944751381215469, "_wandb": {"runtime": 1}}