{"average_train_loss": 0.4343062993265323, "average_valid_loss": 0.43170269445432063, "_timestamp": 1693590423.156075, "_runtime": 2.180690050125122, "_step": 1, "accuracy": 0.836, "precision": 0.0, "recall": 0.0, "f1_score": 0.0, "_wandb": {"runtime": 1}}