{"average_train_loss": 0.40313769552982126, "average_valid_loss": 0.41464184670802207, "_timestamp": 1693588940.206762, "_runtime": 1.5838241577148438, "_step": 1, "accuracy": 0.836, "precision": 0.5, "recall": 0.006097560975609756, "f1_score": 0.012048192771084338, "_wandb": {"runtime": 0}}