{"average_train_loss": 0.40024297216500815, "average_valid_loss": 0.4139804200107586, "_timestamp": 1693589959.568664, "_runtime": 1.835698127746582, "_step": 1, "accuracy": 0.834, "precision": 0.4, "recall": 0.024390243902439025, "f1_score": 0.04597701149425288, "_wandb": {"runtime": 0}}