{"average_train_loss": 0.5571957876748954, "average_valid_loss": 0.5563655434670859, "_timestamp": 1693594453.588206, "_runtime": 1.6044139862060547, "_step": 1, "accuracy": 0.836, "precision": 0.0, "recall": 0.0, "f1_score": 0.0, "_wandb": {"runtime": 0}}