{"average_train_loss": 0.3945820594986791, "average_valid_loss": 0.41371092207593196, "_timestamp": 1693592688.470687, "_runtime": 2.2191050052642822, "_step": 1, "accuracy": 0.837, "precision": 0.5555555555555556, "recall": 0.03048780487804878, "f1_score": 0.057803468208092484, "_wandb": {"runtime": 1}}