{"average_train_loss": 0.3969172874017363, "average_valid_loss": 0.41583991671119636, "_timestamp": 1693595283.623708, "_runtime": 3.1535439491271973, "_step": 1, "accuracy": 0.836, "precision": 0.5, "recall": 0.04878048780487805, "f1_score": 0.08888888888888888, "_wandb": {"runtime": 2}}