{"average_train_loss": 0.38616289835905526, "average_valid_loss": 0.41325926367395593, "_timestamp": 1693511940.3715289, "_runtime": 3.9885499477386475, "_step": 0, "_wandb": {"runtime": 3}}