{"average_train_loss": 0.39599404104006386, "average_valid_loss": 0.41430023427675117, "_timestamp": 1693589610.905493, "_runtime": 1.829103946685791, "_step": 1, "accuracy": 0.836, "precision": 0.5, "recall": 0.054878048780487805, "f1_score": 0.0989010989010989, "_wandb": {"runtime": 0}}