{"average_train_loss": 0.3988311549620944, "average_valid_loss": 0.41572059627700536, "_timestamp": 1693588176.951827, "_runtime": 2.0070090293884277, "_step": 1, "accuracy": 0.829, "precision": 0.26666666666666666, "recall": 0.024390243902439025, "f1_score": 0.04469273743016759, "_wandb": {"runtime": 1}}