{"average_train_loss": 0.3959239862750665, "average_valid_loss": 0.41396781637616115, "_timestamp": 1693592196.227099, "_runtime": 1.5997648239135742, "_step": 1, "accuracy": 0.833, "precision": 0.4117647058823529, "recall": 0.042682926829268296, "f1_score": 0.07734806629834254, "_wandb": {"runtime": 0}}