{"average_train_loss": 0.3999846968978129, "average_valid_loss": 0.41677527987405144, "_timestamp": 1693588203.246061, "_runtime": 2.04152512550354, "_step": 1, "accuracy": 0.834, "precision": 0.4375, "recall": 0.042682926829268296, "f1_score": 0.07777777777777779, "_wandb": {"runtime": 1}}