{"average_train_loss": 0.3954352415263442, "average_valid_loss": 0.4160718842828942, "_timestamp": 1693590565.079021, "_runtime": 1.5254240036010742, "_step": 1, "accuracy": 0.836, "precision": 0.5, "recall": 0.042682926829268296, "f1_score": 0.07865168539325842, "_wandb": {"runtime": 0}}