{"average_train_loss": 0.4055618932272272, "average_valid_loss": 0.41640348022317925, "_timestamp": 1693591966.36373, "_runtime": 1.5496799945831299, "_step": 1, "accuracy": 0.836, "precision": 0.5, "recall": 0.024390243902439025, "f1_score": 0.046511627906976744, "_wandb": {"runtime": 0}}