{"average_train_loss": 0.39550786023635975, "average_valid_loss": 0.4145956612451295, "_timestamp": 1693593672.571525, "_runtime": 2.2590911388397217, "_step": 1, "accuracy": 0.832, "precision": 0.3333333333333333, "recall": 0.024390243902439025, "f1_score": 0.04545454545454545, "_wandb": {"runtime": 0}}