{"average_train_loss": 0.3978893545249341, "average_valid_loss": 0.41598210353157444, "_timestamp": 1693596790.178289, "_runtime": 1.7762880325317383, "_step": 1, "accuracy": 0.835, "precision": 0.46153846153846156, "recall": 0.036585365853658534, "f1_score": 0.06779661016949153, "_wandb": {"runtime": 0}}