{"average_train_loss": 0.4043537845024348, "average_valid_loss": 0.41606033811647436, "_timestamp": 1693595897.5081742, "_runtime": 1.4559130668640137, "_step": 1, "accuracy": 0.833, "precision": 0.2857142857142857, "recall": 0.012195121951219513, "f1_score": 0.023391812865497075, "_wandb": {"runtime": 0}}