{"average_train_loss": 0.40423933150257374, "average_valid_loss": 0.4215024690976919, "_timestamp": 1693594950.246604, "_runtime": 2.796365976333618, "_step": 1, "accuracy": 0.832, "precision": 0.25, "recall": 0.012195121951219513, "f1_score": 0.023255813953488372, "_wandb": {"runtime": 0}}