{"average_train_loss": 0.3947025145352736, "average_valid_loss": 0.4143678627477232, "_timestamp": 1693592065.177172, "_runtime": 2.121669054031372, "_step": 1, "accuracy": 0.835, "precision": 0.4666666666666667, "recall": 0.042682926829268296, "f1_score": 0.0782122905027933, "_wandb": {"runtime": 0}}