{"average_train_loss": 0.38640808429093065, "average_valid_loss": 0.41437829221570305, "_timestamp": 1693565567.895205, "_runtime": 1.5273940563201904, "_step": 1, "accuracy": 0.835, "precision": 0.47058823529411764, "recall": 0.04878048780487805, "f1_score": 0.08839779005524862, "_wandb": {"runtime": 0}}