{"average_train_loss": 0.39829017324770805, "average_valid_loss": 0.4175991157158015, "_timestamp": 1693588592.972816, "_runtime": 1.3317790031433105, "_step": 1, "accuracy": 0.833, "precision": 0.3333333333333333, "recall": 0.018292682926829267, "f1_score": 0.03468208092485549, "_wandb": {"runtime": 0}}