{"average_train_loss": 0.3939817972000471, "average_valid_loss": 0.41287512910359725, "_timestamp": 1693590025.238732, "_runtime": 1.4810490608215332, "_step": 1, "accuracy": 0.835, "precision": 0.3333333333333333, "recall": 0.006097560975609756, "f1_score": 0.011976047904191616, "_wandb": {"runtime": 0}}