{"average_train_loss": 0.4037030984318826, "average_valid_loss": 0.4147658744418503, "_timestamp": 1693593019.853748, "_runtime": 1.4983980655670166, "_step": 1, "accuracy": 0.836, "precision": 0.5, "recall": 0.036585365853658534, "f1_score": 0.06818181818181818, "_wandb": {"runtime": 0}}