{"average_train_loss": 0.40169920290013544, "average_valid_loss": 0.41474677265002013, "_timestamp": 1693595454.23665, "_runtime": 3.061079978942871, "_step": 1, "accuracy": 0.834, "precision": 0.4, "recall": 0.024390243902439025, "f1_score": 0.04597701149425288, "_wandb": {"runtime": 1}}