{"average_train_loss": 0.39607930094234467, "average_valid_loss": 0.41458686275631523, "_timestamp": 1693565502.792882, "_runtime": 2.7365920543670654, "_step": 1, "accuracy": 0.832, "precision": 0.3333333333333333, "recall": 0.024390243902439025, "f1_score": 0.04545454545454545, "_wandb": {"runtime": 1}}