{"average_train_loss": 0.41581650653709595, "average_valid_loss": 0.41966421136864673, "_timestamp": 1693589508.064637, "_runtime": 1.6509130001068115, "_step": 1, "accuracy": 0.836, "precision": 0.0, "recall": 0.0, "f1_score": 0.0, "_wandb": {"runtime": 0}}