{"average_train_loss": 0.39939023340413204, "average_valid_loss": 0.41468513488840114, "_timestamp": 1693597546.731573, "_runtime": 3.4304721355438232, "_step": 1, "accuracy": 0.834, "precision": 0.375, "recall": 0.018292682926829267, "f1_score": 0.03488372093023255, "_wandb": {"runtime": 1}}