{"average_train_loss": 0.3843402386756667, "average_valid_loss": 0.4134114068441907, "_timestamp": 1693511908.9257731, "_runtime": 3.962851047515869, "_step": 0, "_wandb": {"runtime": 3}}