{"average_train_loss": 0.3985424312270201, "average_valid_loss": 0.4155951472401943, "_timestamp": 1693592877.222836, "_runtime": 1.8438079357147217, "_step": 1, "accuracy": 0.835, "precision": 0.3333333333333333, "recall": 0.006097560975609756, "f1_score": 0.011976047904191616, "_wandb": {"runtime": 0}}