{"average_train_loss": 0.3962038487497017, "average_valid_loss": 0.4134443619359788, "_timestamp": 1693593649.786309, "_runtime": 2.07765793800354, "_step": 1, "accuracy": 0.836, "precision": 0.5, "recall": 0.06097560975609756, "f1_score": 0.10869565217391303, "_wandb": {"runtime": 1}}