{"average_train_loss": 0.4749077129312354, "average_valid_loss": 0.4723200061732158, "_timestamp": 1693591546.528367, "_runtime": 3.096670150756836, "_step": 1, "accuracy": 0.836, "precision": 0.0, "recall": 0.0, "f1_score": 0.0, "_wandb": {"runtime": 2}}