{"average_train_loss": 0.39861679474937045, "average_valid_loss": 0.4146547734972868, "_timestamp": 1693591405.3814678, "_runtime": 1.9377079010009766, "_step": 1, "accuracy": 0.839, "precision": 0.6363636363636364, "recall": 0.042682926829268296, "f1_score": 0.08, "_wandb": {"runtime": 0}}