{"average_train_loss": 0.40743598885139637, "average_valid_loss": 0.41628709920482027, "_timestamp": 1693592152.405201, "_runtime": 1.6664888858795166, "_step": 1, "accuracy": 0.836, "precision": 0.5, "recall": 0.006097560975609756, "f1_score": 0.012048192771084338, "_wandb": {"runtime": 0}}