{"accuracy": 0.825, "_timestamp": 1693506688.188639, "_runtime": 4.786700010299683, "_step": 0, "_wandb": {"runtime": 2}}