{"average_train_loss": 0.3962299915559371, "average_valid_loss": 0.4145909346414906, "_timestamp": 1693597264.315945, "_runtime": 2.3632149696350098, "_step": 1, "accuracy": 0.835, "precision": 0.42857142857142855, "recall": 0.018292682926829267, "f1_score": 0.03508771929824561, "_wandb": {"runtime": 1}}