{"average_train_loss": 0.40143623169598536, "average_valid_loss": 0.4150624216027476, "_timestamp": 1693565478.472089, "_runtime": 1.373284101486206, "_step": 1, "accuracy": 0.834, "precision": 0.4166666666666667, "recall": 0.03048780487804878, "f1_score": 0.056818181818181816, "_wandb": {"runtime": 0}}