{"average_train_loss": 0.3998973452921225, "average_valid_loss": 0.41458901616860144, "_timestamp": 1693595343.1173508, "_runtime": 2.2949957847595215, "_step": 1, "accuracy": 0.835, "precision": 0.3333333333333333, "recall": 0.006097560975609756, "f1_score": 0.011976047904191616, "_wandb": {"runtime": 0}}