{"average_train_loss": 0.39753591060713506, "average_valid_loss": 0.4134321144554415, "_timestamp": 1693591943.579736, "_runtime": 1.9919331073760986, "_step": 1, "accuracy": 0.834, "precision": 0.4166666666666667, "recall": 0.03048780487804878, "f1_score": 0.056818181818181816, "_wandb": {"runtime": 0}}