{"average_train_loss": 0.39617992498687066, "average_valid_loss": 0.4148903949930558, "_timestamp": 1693514139.565013, "_runtime": 2.023242950439453, "_step": 0, "_wandb": {"runtime": 0}}