{"average_train_loss": 0.39927138428704345, "average_valid_loss": 0.4176630970988011, "_timestamp": 1693598289.693272, "_runtime": 4.4618000984191895, "_step": 1, "accuracy": 0.834, "precision": 0.4375, "recall": 0.042682926829268296, "f1_score": 0.07777777777777779, "_wandb": {"runtime": 0}}