{"average_train_loss": 0.4051522072431535, "average_valid_loss": 0.4175339586695391, "_timestamp": 1693590508.915775, "_runtime": 1.4284441471099854, "_step": 1, "accuracy": 0.836, "precision": 0.0, "recall": 0.0, "f1_score": 0.0, "_wandb": {"runtime": 0}}