{"average_train_loss": 0.3994569779464796, "average_valid_loss": 0.4162458665055267, "_timestamp": 1693594607.917088, "_runtime": 1.959625005722046, "_step": 1, "accuracy": 0.836, "precision": 0.5, "recall": 0.036585365853658534, "f1_score": 0.06818181818181818, "_wandb": {"runtime": 1}}