{"average_train_loss": 0.39876801374474696, "average_valid_loss": 0.4153927566413107, "_timestamp": 1693594476.092575, "_runtime": 1.7833311557769775, "_step": 1, "accuracy": 0.84, "precision": 0.6666666666666666, "recall": 0.04878048780487805, "f1_score": 0.0909090909090909, "_wandb": {"runtime": 0}}