{"average_train_loss": 0.40471583026102165, "average_valid_loss": 0.4154095887780712, "_timestamp": 1693593798.5524979, "_runtime": 1.4512109756469727, "_step": 1, "accuracy": 0.836, "precision": 0.5, "recall": 0.006097560975609756, "f1_score": 0.012048192771084338, "_wandb": {"runtime": 0}}