{"average_train_loss": 0.4039688158470666, "average_valid_loss": 0.41617628864052414, "_timestamp": 1693595543.628222, "_runtime": 1.6470229625701904, "_step": 1, "accuracy": 0.838, "precision": 0.6, "recall": 0.036585365853658534, "f1_score": 0.06896551724137931, "_wandb": {"runtime": 0}}