{"average_train_loss": 0.4019089300940732, "average_valid_loss": 0.4151377570584482, "_timestamp": 1693597591.34802, "_runtime": 2.0145959854125977, "_step": 1, "accuracy": 0.836, "precision": 0.5, "recall": 0.042682926829268296, "f1_score": 0.07865168539325842, "_wandb": {"runtime": 0}}