{"average_train_loss": 0.40020212253626347, "average_valid_loss": 0.41639677576011147, "_timestamp": 1693592746.62649, "_runtime": 4.947169065475464, "_step": 1, "accuracy": 0.832, "precision": 0.3, "recall": 0.018292682926829267, "f1_score": 0.034482758620689655, "_wandb": {"runtime": 4}}