{"average_train_loss": 0.398222396182264, "average_valid_loss": 0.4146705078093592, "_timestamp": 1693593248.557454, "_runtime": 1.9529471397399902, "_step": 1, "accuracy": 0.834, "precision": 0.3333333333333333, "recall": 0.012195121951219513, "f1_score": 0.023529411764705882, "_wandb": {"runtime": 1}}