{"average_train_loss": 0.3880674651136769, "average_valid_loss": 0.41355829722453175, "_timestamp": 1693592408.1723788, "_runtime": 2.2411108016967773, "_step": 1, "accuracy": 0.837, "precision": 0.5238095238095238, "recall": 0.06707317073170732, "f1_score": 0.11891891891891894, "_wandb": {"runtime": 1}}