{"average_train_loss": 0.4044167939716685, "average_valid_loss": 0.4146868428118283, "_timestamp": 1693594410.7856169, "_runtime": 1.4627289772033691, "_step": 1, "accuracy": 0.839, "precision": 0.8, "recall": 0.024390243902439025, "f1_score": 0.04733727810650888, "_wandb": {"runtime": 0}}