{"average_train_loss": 0.39684292131821836, "average_valid_loss": 0.41382986129826255, "_timestamp": 1693514255.319823, "_runtime": 1.7983529567718506, "_step": 0, "_wandb": {"runtime": 0}}