{"average_train_loss": 0.40413394232501626, "average_valid_loss": 0.41637082572247336, "_timestamp": 1693514083.1462688, "_runtime": 1.6951899528503418, "_step": 0, "_wandb": {"runtime": 0}}