{"average_train_loss": 0.3963923910927269, "average_valid_loss": 0.41517271667459604, "_timestamp": 1693595364.63691, "_runtime": 1.6019339561462402, "_step": 1, "accuracy": 0.834, "precision": 0.4166666666666667, "recall": 0.03048780487804878, "f1_score": 0.056818181818181816, "_wandb": {"runtime": 0}}