{"average_train_loss": 0.397952969142214, "average_valid_loss": 0.41254128024134085, "_timestamp": 1693588687.281398, "_runtime": 1.9510550498962402, "_step": 1, "accuracy": 0.832, "precision": 0.375, "recall": 0.036585365853658534, "f1_score": 0.06666666666666667, "_wandb": {"runtime": 0}}