{"average_train_loss": 0.3935100920080898, "average_valid_loss": 0.4136958013929912, "_timestamp": 1693511962.503498, "_runtime": 3.910276174545288, "_step": 0, "_wandb": {"runtime": 2}}