{"average_train_loss": 0.3930039057167579, "average_valid_loss": 0.41454517961795, "_timestamp": 1693594486.7048562, "_runtime": 2.221705198287964, "_step": 1, "accuracy": 0.835, "precision": 0.45454545454545453, "recall": 0.03048780487804878, "f1_score": 0.05714285714285714, "_wandb": {"runtime": 1}}