{"accuracy": 0.827, "_timestamp": 1693506669.868149, "_runtime": 2.735157012939453, "_step": 0, "_wandb": {"runtime": 0}}