{"average_train_loss": 0.3953326732355404, "average_valid_loss": 0.41581459660212305, "_timestamp": 1693595376.57779, "_runtime": 2.3390889167785645, "_step": 1, "accuracy": 0.835, "precision": 0.4782608695652174, "recall": 0.06707317073170732, "f1_score": 0.11764705882352944, "_wandb": {"runtime": 1}}