{"average_train_loss": 0.40448378307503274, "average_valid_loss": 0.41754506962240806, "_timestamp": 1693595219.667661, "_runtime": 1.738590955734253, "_step": 1, "accuracy": 0.834, "precision": 0.4375, "recall": 0.042682926829268296, "f1_score": 0.07777777777777779, "_wandb": {"runtime": 0}}