{"average_train_loss": 0.3953447403569447, "average_valid_loss": 0.4159643103261983, "_timestamp": 1693588155.123523, "_runtime": 2.8123109340667725, "_step": 1, "accuracy": 0.837, "precision": 0.5384615384615384, "recall": 0.042682926829268296, "f1_score": 0.0790960451977401, "_wandb": {"runtime": 1}}