{"average_train_loss": 0.3949033646925505, "average_valid_loss": 0.41917676670540804, "_timestamp": 1693594093.161577, "_runtime": 2.056804895401001, "_step": 1, "accuracy": 0.835, "precision": 0.4666666666666667, "recall": 0.042682926829268296, "f1_score": 0.0782122905027933, "_wandb": {"runtime": 1}}