{"average_train_loss": 0.4065812967450364, "average_valid_loss": 0.4155414314332839, "_timestamp": 1693588282.7482939, "_runtime": 7.095460891723633, "_step": 1, "accuracy": 0.836, "precision": 0.5, "recall": 0.012195121951219513, "f1_score": 0.023809523809523808, "_wandb": {"runtime": 0}}