{"average_train_loss": 0.3925694763491566, "average_valid_loss": 0.41670547503233996, "_timestamp": 1693512355.8043149, "_runtime": 3.2716808319091797, "_step": 0, "_wandb": {"runtime": 2}}