{"average_train_loss": 0.3954160466745702, "average_valid_loss": 0.41739575334082724, "_timestamp": 1693565034.0961869, "_runtime": 1.4900357723236084, "_step": 1, "accuracy": 0.834, "precision": 0.42857142857142855, "recall": 0.036585365853658534, "f1_score": 0.06741573033707865, "_wandb": {"runtime": 0}}