{"accuracy": 0.825, "_timestamp": 1693506542.425892, "_runtime": 2.4766910076141357, "_step": 0, "_wandb": {"runtime": 0}}