{"average_train_loss": 0.39939605692583274, "average_valid_loss": 0.4156068304321274, "_timestamp": 1693593750.0211, "_runtime": 1.651029109954834, "_step": 1, "accuracy": 0.834, "precision": 0.42857142857142855, "recall": 0.036585365853658534, "f1_score": 0.06741573033707865, "_wandb": {"runtime": 0}}