{"average_train_loss": 0.3992296677871307, "average_valid_loss": 0.41604557438700807, "_timestamp": 1693564920.1712298, "_runtime": 4.231342792510986, "_step": 1, "accuracy": 0.836, "precision": 0.5, "recall": 0.024390243902439025, "f1_score": 0.046511627906976744, "_wandb": {"runtime": 3}}