{"average_train_loss": 0.39771161484689777, "average_valid_loss": 0.415971925840875, "_timestamp": 1693593510.462558, "_runtime": 1.8363239765167236, "_step": 1, "accuracy": 0.834, "precision": 0.4375, "recall": 0.042682926829268296, "f1_score": 0.07777777777777779, "_wandb": {"runtime": 0}}