{"average_train_loss": 0.3893121820434923, "average_valid_loss": 0.41356500229161947, "_timestamp": 1693593986.333078, "_runtime": 2.810238838195801, "_step": 1, "accuracy": 0.833, "precision": 0.38461538461538464, "recall": 0.03048780487804878, "f1_score": 0.056497175141242945, "_wandb": {"runtime": 1}}