{"average_train_loss": 0.3946329236866356, "average_valid_loss": 0.41403933113664537, "_timestamp": 1693592096.955668, "_runtime": 1.4825410842895508, "_step": 1, "accuracy": 0.836, "precision": 0.5, "recall": 0.03048780487804878, "f1_score": 0.05747126436781609, "_wandb": {"runtime": 0}}