{"average_train_loss": 0.4008500797212312, "average_valid_loss": 0.41574833371073744, "_timestamp": 1693596882.8756638, "_runtime": 1.9056618213653564, "_step": 1, "accuracy": 0.834, "precision": 0.3333333333333333, "recall": 0.012195121951219513, "f1_score": 0.023529411764705882, "_wandb": {"runtime": 0}}