{"average_train_loss": 0.40172343019752993, "average_valid_loss": 0.4137177067902434, "_timestamp": 1693590520.328682, "_runtime": 1.4806430339813232, "_step": 1, "accuracy": 0.836, "precision": 0.5, "recall": 0.018292682926829267, "f1_score": 0.03529411764705882, "_wandb": {"runtime": 0}}