{"average_train_loss": 0.39680865053656383, "average_valid_loss": 0.41552839348743364, "_timestamp": 1693592820.333149, "_runtime": 1.3923389911651611, "_step": 1, "accuracy": 0.835, "precision": 0.46153846153846156, "recall": 0.036585365853658534, "f1_score": 0.06779661016949153, "_wandb": {"runtime": 0}}