{"average_train_loss": 0.4002161601025314, "average_valid_loss": 0.41558231050115346, "_timestamp": 1693594972.9485881, "_runtime": 3.414762020111084, "_step": 1, "accuracy": 0.834, "precision": 0.4, "recall": 0.024390243902439025, "f1_score": 0.04597701149425288, "_wandb": {"runtime": 1}}