{"average_train_loss": 0.41255475282150156, "average_valid_loss": 0.41704147636178457, "_timestamp": 1693596546.976897, "_runtime": 1.39444899559021, "_step": 1, "accuracy": 0.836, "precision": 0.0, "recall": 0.0, "f1_score": 0.0, "_wandb": {"runtime": 0}}