{"average_train_loss": 0.40323169336360215, "average_valid_loss": 0.4147236424646987, "_timestamp": 1693589860.1778402, "_runtime": 1.8653781414031982, "_step": 1, "accuracy": 0.836, "precision": 0.5, "recall": 0.006097560975609756, "f1_score": 0.012048192771084338, "_wandb": {"runtime": 0}}