{"average_train_loss": 0.40284561225087795, "average_valid_loss": 0.41566366266144394, "_timestamp": 1693512087.774713, "_runtime": 5.010595083236694, "_step": 0, "_wandb": {"runtime": 3}}