{"average_train_loss": 0.39800730559168596, "average_valid_loss": 0.41523471004060286, "_timestamp": 1693593357.5322292, "_runtime": 1.8713881969451904, "_step": 1, "accuracy": 0.836, "precision": 0.5, "recall": 0.036585365853658534, "f1_score": 0.06818181818181818, "_wandb": {"runtime": 1}}