{"average_train_loss": 0.40387929479164364, "average_valid_loss": 0.4161433276910103, "_timestamp": 1693590115.079103, "_runtime": 1.5672810077667236, "_step": 1, "accuracy": 0.835, "precision": 0.0, "recall": 0.0, "f1_score": 0.0, "_wandb": {"runtime": 0}}