{"average_train_loss": 0.39926730440764824, "average_valid_loss": 0.4148539475872216, "_timestamp": 1693596246.5066009, "_runtime": 1.7078628540039062, "_step": 1, "accuracy": 0.835, "precision": 0.4666666666666667, "recall": 0.042682926829268296, "f1_score": 0.0782122905027933, "_wandb": {"runtime": 0}}