{"average_train_loss": 0.3939246601581301, "average_valid_loss": 0.4141363093209093, "_timestamp": 1693514162.6215308, "_runtime": 3.4392318725585938, "_step": 0, "_wandb": {"runtime": 2}}