{"average_train_loss": 0.3917553350403511, "average_valid_loss": 0.4141972655446792, "_timestamp": 1693593042.6418009, "_runtime": 1.9672119617462158, "_step": 1, "accuracy": 0.837, "precision": 0.5238095238095238, "recall": 0.06707317073170732, "f1_score": 0.11891891891891894, "_wandb": {"runtime": 1}}