{"accuracy": 0.825, "_timestamp": 1693506561.3704262, "_runtime": 4.7487921714782715, "_step": 0, "_wandb": {"runtime": 2}}