{"average_train_loss": 0.40066823982220434, "average_valid_loss": 0.4160286896471426, "_timestamp": 1693595320.162118, "_runtime": 1.9602138996124268, "_step": 1, "accuracy": 0.835, "precision": 0.4, "recall": 0.012195121951219513, "f1_score": 0.02366863905325444, "_wandb": {"runtime": 0}}