{"average_train_loss": 0.3883266850751966, "average_valid_loss": 0.415230516527997, "_timestamp": 1693597801.219212, "_runtime": 5.918650150299072, "_step": 1, "accuracy": 0.835, "precision": 0.47058823529411764, "recall": 0.04878048780487805, "f1_score": 0.08839779005524862, "_wandb": {"runtime": 2}}