{"average_train_loss": 0.3951884872744272, "average_valid_loss": 0.41448337099249344, "_timestamp": 1693598269.5162728, "_runtime": 7.2235987186431885, "_step": 1, "accuracy": 0.835, "precision": 0.45454545454545453, "recall": 0.03048780487804878, "f1_score": 0.05714285714285714, "_wandb": {"runtime": 5}}