{"average_train_loss": 0.3897417692987135, "average_valid_loss": 0.41338850186314563, "_timestamp": 1693591677.367981, "_runtime": 2.030025005340576, "_step": 1, "accuracy": 0.833, "precision": 0.42105263157894735, "recall": 0.04878048780487805, "f1_score": 0.08743169398907104, "_wandb": {"runtime": 1}}