{"average_train_loss": 0.40288392884501084, "average_valid_loss": 0.419131112579287, "_timestamp": 1693596714.475443, "_runtime": 1.4970998764038086, "_step": 1, "accuracy": 0.834, "precision": 0.4166666666666667, "recall": 0.03048780487804878, "f1_score": 0.056818181818181816, "_wandb": {"runtime": 0}}