{"average_train_loss": 0.39620584305254075, "average_valid_loss": 0.4185953947394135, "_timestamp": 1693512258.4957042, "_runtime": 2.080885171890259, "_step": 0, "_wandb": {"runtime": 1}}