{"average_train_loss": 0.39407663688496597, "average_valid_loss": 0.41199009388953994, "_timestamp": 1693596498.107185, "_runtime": 2.026859998703003, "_step": 1, "accuracy": 0.835, "precision": 0.4782608695652174, "recall": 0.06707317073170732, "f1_score": 0.11764705882352944, "_wandb": {"runtime": 0}}