{"average_train_loss": 0.3915263510643367, "average_valid_loss": 0.4141382714504168, "_timestamp": 1693565321.59916, "_runtime": 1.7472128868103027, "_step": 1, "accuracy": 0.834, "precision": 0.42857142857142855, "recall": 0.036585365853658534, "f1_score": 0.06741573033707865, "_wandb": {"runtime": 0}}