{"average_train_loss": 0.3898057432703713, "average_valid_loss": 0.4133477084783038, "_timestamp": 1693597167.45831, "_runtime": 2.2430129051208496, "_step": 1, "accuracy": 0.836, "precision": 0.5, "recall": 0.036585365853658534, "f1_score": 0.06818181818181818, "_wandb": {"runtime": 1}}