{"average_train_loss": 0.40009816718055513, "average_valid_loss": 0.41461782557874954, "_timestamp": 1693588610.4867, "_runtime": 1.4833459854125977, "_step": 1, "accuracy": 0.837, "precision": 0.5714285714285714, "recall": 0.024390243902439025, "f1_score": 0.04678362573099415, "_wandb": {"runtime": 0}}