{"average_train_loss": 0.3966147369321141, "average_valid_loss": 0.4134803542686601, "_timestamp": 1693514284.699153, "_runtime": 2.131211042404175, "_step": 0, "_wandb": {"runtime": 0}}