{"average_train_loss": 0.3932969770900223, "average_valid_loss": 0.41691180675273326, "_timestamp": 1693597824.6974878, "_runtime": 2.178112745285034, "_step": 1, "accuracy": 0.833, "precision": 0.3333333333333333, "recall": 0.018292682926829267, "f1_score": 0.03468208092485549, "_wandb": {"runtime": 1}}