{"average_train_loss": 0.40236681359163395, "average_valid_loss": 0.4150890276275222, "_timestamp": 1693591867.083898, "_runtime": 2.1086599826812744, "_step": 1, "accuracy": 0.835, "precision": 0.0, "recall": 0.0, "f1_score": 0.0, "_wandb": {"runtime": 0}}