{"average_train_loss": 0.3934099132497581, "average_valid_loss": 0.4140479341009483, "_timestamp": 1693565128.938048, "_runtime": 1.5587279796600342, "_step": 1, "accuracy": 0.834, "precision": 0.4, "recall": 0.024390243902439025, "f1_score": 0.04597701149425288, "_wandb": {"runtime": 0}}