{"average_train_loss": 0.39815784626819134, "average_valid_loss": 0.4145158452598203, "_timestamp": 1693590047.985023, "_runtime": 1.7340729236602783, "_step": 1, "accuracy": 0.837, "precision": 0.5384615384615384, "recall": 0.042682926829268296, "f1_score": 0.0790960451977401, "_wandb": {"runtime": 0}}