{"average_train_loss": 0.4035446978955597, "average_valid_loss": 0.41581145394064895, "_timestamp": 1693565405.368789, "_runtime": 1.6342909336090088, "_step": 1, "accuracy": 0.836, "precision": 0.5, "recall": 0.036585365853658534, "f1_score": 0.06818181818181818, "_wandb": {"runtime": 0}}