{"average_train_loss": 0.39291249252464006, "average_valid_loss": 0.4128108945353515, "_timestamp": 1693589599.3504388, "_runtime": 1.5669567584991455, "_step": 1, "accuracy": 0.836, "precision": 0.5, "recall": 0.06707317073170732, "f1_score": 0.11827956989247311, "_wandb": {"runtime": 0}}