{"average_train_loss": 0.3966597027423484, "average_valid_loss": 0.4154097788549826, "_timestamp": 1693590153.70035, "_runtime": 2.044858932495117, "_step": 1, "accuracy": 0.838, "precision": 0.625, "recall": 0.03048780487804878, "f1_score": 0.05813953488372093, "_wandb": {"runtime": 1}}