{"average_train_loss": 0.4041609531042566, "average_valid_loss": 0.41551078855885654, "_timestamp": 1693595701.280502, "_runtime": 2.3643200397491455, "_step": 1, "accuracy": 0.836, "precision": 0.5, "recall": 0.04878048780487805, "f1_score": 0.08888888888888888, "_wandb": {"runtime": 1}}