{"average_train_loss": 0.4033782284148687, "average_valid_loss": 0.4159946239138495, "_timestamp": 1693514227.1429708, "_runtime": 1.3948478698730469, "_step": 0, "_wandb": {"runtime": 0}}