{"average_train_loss": 0.3987452892318285, "average_valid_loss": 0.41295645368228245, "_timestamp": 1693597501.808012, "_runtime": 2.8054380416870117, "_step": 1, "accuracy": 0.832, "precision": 0.3333333333333333, "recall": 0.024390243902439025, "f1_score": 0.04545454545454545, "_wandb": {"runtime": 0}}