{"average_train_loss": 0.3995110380003454, "average_valid_loss": 0.4150388652085189, "_timestamp": 1693594465.275915, "_runtime": 1.686372995376587, "_step": 1, "accuracy": 0.835, "precision": 0.4, "recall": 0.012195121951219513, "f1_score": 0.02366863905325444, "_wandb": {"runtime": 0}}