{"average_train_loss": 0.40570790075782803, "average_valid_loss": 0.41352916441902493, "_timestamp": 1693565555.2561128, "_runtime": 1.332770824432373, "_step": 1, "accuracy": 0.836, "precision": 0.0, "recall": 0.0, "f1_score": 0.0, "_wandb": {"runtime": 0}}