{"average_train_loss": 0.40410738033872223, "average_valid_loss": 0.41640935756179687, "_timestamp": 1693589369.849662, "_runtime": 1.3448991775512695, "_step": 1, "accuracy": 0.832, "precision": 0.375, "recall": 0.036585365853658534, "f1_score": 0.06666666666666667, "_wandb": {"runtime": 0}}