{"average_train_loss": 0.394902759675059, "average_valid_loss": 0.4188563677956048, "_timestamp": 1693512065.983142, "_runtime": 3.8505699634552, "_step": 0, "_wandb": {"runtime": 1}}