{"average_train_loss": 0.39849231111795086, "average_valid_loss": 0.4134357140137441, "_timestamp": 1693593705.4986172, "_runtime": 2.035997152328491, "_step": 1, "accuracy": 0.835, "precision": 0.45454545454545453, "recall": 0.03048780487804878, "f1_score": 0.05714285714285714, "_wandb": {"runtime": 1}}