{"average_train_loss": 0.38613616663381606, "average_valid_loss": 0.4126340720928197, "_timestamp": 1693511919.451008, "_runtime": 3.7512311935424805, "_step": 0, "_wandb": {"runtime": 2}}