{"average_train_loss": 0.4065720481782439, "average_valid_loss": 0.4148374089124913, "_timestamp": 1693591722.0663722, "_runtime": 1.513965129852295, "_step": 1, "accuracy": 0.836, "precision": 0.0, "recall": 0.0, "f1_score": 0.0, "_wandb": {"runtime": 0}}