{"average_train_loss": 0.39812320909806903, "average_valid_loss": 0.413483570006361, "_timestamp": 1693564723.841005, "_runtime": 1.513139009475708, "_step": 1, "accuracy": 0.835, "precision": 0.4444444444444444, "recall": 0.024390243902439025, "f1_score": 0.046242774566473986, "_wandb": {"runtime": 0}}