{"average_train_loss": 0.39674795447452355, "average_valid_loss": 0.41409804466822514, "_timestamp": 1693593838.184855, "_runtime": 1.6166539192199707, "_step": 1, "accuracy": 0.833, "precision": 0.36363636363636365, "recall": 0.024390243902439025, "f1_score": 0.04571428571428571, "_wandb": {"runtime": 0}}