{"average_train_loss": 0.43412646117215525, "average_valid_loss": 0.43154998024459046, "_timestamp": 1693594259.0444102, "_runtime": 4.204296112060547, "_step": 1, "accuracy": 0.836, "precision": 0.0, "recall": 0.0, "f1_score": 0.0, "_wandb": {"runtime": 1}}