{"average_train_loss": 0.3949319130226402, "average_valid_loss": 0.41254674710628664, "_timestamp": 1693595718.8571699, "_runtime": 1.8345777988433838, "_step": 1, "accuracy": 0.839, "precision": 0.7142857142857143, "recall": 0.03048780487804878, "f1_score": 0.058479532163742694, "_wandb": {"runtime": 0}}