{"average_train_loss": 0.39122635697242203, "average_valid_loss": 0.41333489131993717, "_timestamp": 1693592798.82715, "_runtime": 2.226215124130249, "_step": 1, "accuracy": 0.833, "precision": 0.42105263157894735, "recall": 0.04878048780487805, "f1_score": 0.08743169398907104, "_wandb": {"runtime": 1}}