{"average_train_loss": 0.3920857876365141, "average_valid_loss": 0.4141977175501341, "_timestamp": 1693591524.328394, "_runtime": 2.3487749099731445, "_step": 1, "accuracy": 0.834, "precision": 0.45, "recall": 0.054878048780487805, "f1_score": 0.09782608695652174, "_wandb": {"runtime": 1}}