{"average_train_loss": 0.3944031010020984, "average_valid_loss": 0.4139403245770215, "_timestamp": 1693594104.273685, "_runtime": 1.9657859802246094, "_step": 1, "accuracy": 0.834, "precision": 0.4375, "recall": 0.042682926829268296, "f1_score": 0.07777777777777779, "_wandb": {"runtime": 0}}