{"average_train_loss": 0.3951884155505687, "average_valid_loss": 0.41823162225773686, "_timestamp": 1693591920.8630002, "_runtime": 1.5465152263641357, "_step": 1, "accuracy": 0.835, "precision": 0.4444444444444444, "recall": 0.024390243902439025, "f1_score": 0.046242774566473986, "_wandb": {"runtime": 0}}