{"average_train_loss": 0.38970027225982923, "average_valid_loss": 0.41501005028957333, "_timestamp": 1693589905.614248, "_runtime": 2.9382779598236084, "_step": 1, "accuracy": 0.838, "precision": 0.5416666666666666, "recall": 0.07926829268292683, "f1_score": 0.13829787234042554, "_wandb": {"runtime": 2}}