{"average_train_loss": 0.39548807992191476, "average_valid_loss": 0.4148469766915462, "_timestamp": 1693564660.6341991, "_runtime": 2.2193572521209717, "_step": 1, "accuracy": 0.838, "precision": 0.5833333333333334, "recall": 0.042682926829268296, "f1_score": 0.07954545454545454, "_wandb": {"runtime": 1}}