{"average_train_loss": 0.39603030001954836, "average_valid_loss": 0.41435534818842007, "_timestamp": 1693591633.668902, "_runtime": 2.2042558193206787, "_step": 1, "accuracy": 0.838, "precision": 0.5625, "recall": 0.054878048780487805, "f1_score": 0.09999999999999999, "_wandb": {"runtime": 1}}