{"average_train_loss": 0.39354608670117647, "average_valid_loss": 0.4142637201508675, "_timestamp": 1693590334.607281, "_runtime": 1.9906940460205078, "_step": 1, "accuracy": 0.834, "precision": 0.4375, "recall": 0.042682926829268296, "f1_score": 0.07777777777777779, "_wandb": {"runtime": 0}}