{"average_train_loss": 0.40293235755726653, "average_valid_loss": 0.4157943474901985, "_timestamp": 1693590621.1438348, "_runtime": 1.6743569374084473, "_step": 1, "accuracy": 0.837, "precision": 0.6666666666666666, "recall": 0.012195121951219513, "f1_score": 0.02395209580838323, "_wandb": {"runtime": 0}}